Turn;Speaker;Cue;Response;Context;MLM response;System llh;MLM llh;USR DLcontext;USR DLfact;Overall Human Rating;Interesting;Engaging;Specific;Relevant;Correct;Semantically Appropriate;Understandable;Fluent
0;Leolani2;;Hi! Who are you? Caya?;;hi  how  are  you  _ ;0.1994357640607632;0.6212660133838653;0.63410676;0.8216932;;;;;;;;;
1;;Hi! Who are you? Caya?;Caya; Hi! Who are you? Caya?;? ;0.0;0.20928503572940826;0.9960159;0.8094052;;;;;;;;;
2;;Caya;So your name is Caya?; Hi! Who are you? Caya? Caya;?  whose  name ? ? ;0.2725998252630234;0.5793138951063156;0.9971455;0.78078514;;;;;;;;;
3;;So your name is Caya?;yes; Hi! Who are you? Caya? Caya So your name is Caya?;! ;0.0;0.18288812041282654;0.9937756;0.7388731;;;;;;;;;
4;Leolani2;yes;Tell me anything, I love learning things; Hi! Who are you? Caya? Caya So your name is Caya? yes; tell  me ,  i  love  those ! ;0.5009093859366008;0.5588053220084735;0.99423313;0.67165416;4;1;4;1;4;4;5;5;5
5;Caya;Tell me anything, I love learning things;A dog is an animal; Hi! Who are you? Caya? Caya So your name is Caya? yes Tell me anything, I love learning things;,  chicken  is  an  elephant ;0.2981431782245636;0.36687721610069274;0.94548583;0.049294196;;;;;;;;;
6;Leolani2;A dog is an animal;Exciting news! I did not know anybody who be an animal; Hi! Who are you? Caya? Caya So your name is Caya? yes Tell me anything, I love learning things A dog is an animal;! !  i  do  not  know  dog  could  was  an  animal ;0.4201538432389498;0.7173680663108826;0.99839383;0.36748555;3;2;1;2;2;3;4;3;3
7;Caya;Exciting news! I did not know anybody who be an animal;What do I like?; Hi! Who are you? Caya? Caya So your name is Caya? yes Tell me anything, I love learning things A dog is an animal Exciting news! I did not know anybody who be an animal; what  do  you  know ;0.2812696397304535;0.6416621208190918;0.9886063;0.48236087;;;;;;;;;
8;Leolani2;What do I like?;you told me you like dogs; Hi! Who are you? Caya? Caya So your name is Caya? yes Tell me anything, I love learning things A dog is an animal Exciting news! I did not know anybody who be an animal What do I like?; you  tell  me  you  like  dogs ;0.6689987728993098;0.7973954478899637;0.99582034;0.45002386;4;3;3;4;4;5;5;5;5
9;Caya;you told me you like dogs;What does Mincke like?; Hi! Who are you? Caya? Caya So your name is Caya? yes Tell me anything, I love learning things A dog is an animal Exciting news! I did not know anybody who be an animal What do I like? you told me you like dogs; what  do  that  like ;0.23000790900550783;0.6434171795845032;0.9964326;0.45520365;;;;;;;;;
10;Leolani2;What does Mincke like?;I may be ignorant, bu tI don't know.I am sorry, I have no idea; Hi! Who are you? Caya? Caya So your name is Caya? yes Tell me anything, I love learning things A dog is an animal Exciting news! I did not know anybody who be an animal What do I like? you told me you like dogs What does Mincke like?;i  may  be  wrong  but  i  do  i  am  ignorant  i  have  no  idea ;0.4115230632679803;0.5972363092005253;0.99841577;0.52303344;3;1;1;1;1;5;5;4;4
11;Caya;I may be ignorant, bu tI don't know.I am sorry, I have no idea;Apple pie smells good; Hi! Who are you? Caya? Caya So your name is Caya? yes Tell me anything, I love learning things A dog is an animal Exciting news! I did not know anybody who be an animal What do I like? you told me you like dogs What does Mincke like? I may be ignorant, bu tI don't know.I am sorry, I have no idea;.  it  sounds  like ;0.0021760875824838877;0.49348653107881546;0.11291801;0.31986788;;;;;;;;;
12;Leolani2;Apple pie smells good;I am curious. What types of Instance like good do food orInstance usually smell;aya? Caya So your name is Caya? yes Tell me anything, I love learning things A dog is an animal Exciting news! I did not know anybody who be an animal What do I like? you told me you like dogs What does Mincke like? I may be ignorant, bu tI don't know.I am sorry, I have no idea Apple pie smells good; i  am  wondering what  kind  of  pie  smells  pie  dog  pie  pies  pie  like ;0.21702224588287727;0.5181194309677396;0.9984197;0.88795274;1;1;2;2;2;2;2;1;1
13;Caya;I am curious. What types of Instance like good do food orInstance usually smell;It is raining;og is an animal Exciting news! I did not know anybody who be an animal What do I like? you told me you like dogs What does Mincke like? I may be ignorant, bu tI don't know.I am sorry, I have no idea Apple pie smells good I am curious. What types of Instance like good do food orInstance usually smell; it  is  called ;0.3211890757083893;0.36520670851071674;0.99807125;0.748108;;;;;;;;;
14;Leolani2;It is raining;Let me ask you something. What types of it orInstance like raining do Instance usually be;l Exciting news! I did not know anybody who be an animal What do I like? you told me you like dogs What does Mincke like? I may be ignorant, bu tI don't know.I am sorry, I have no idea Apple pie smells good I am curious. What types of Instance like good do food orInstance usually smell It is raining; let  me  ask  you , what  types  of  food  smells  is  good  the  it  can  smell ;0.33100716955959797;0.6583795072510839;0.9984194;0.005468356;1;1;2;2;2;1;2;1;1
15;Caya;Let me ask you something. What types of it orInstance like raining do Instance usually be;Lions roar ;ike dogs What does Mincke like? I may be ignorant, bu tI don't know.I am sorry, I have no idea Apple pie smells good I am curious. What types of Instance like good do food orInstance usually smell It is raining Let me ask you something. What types of it orInstance like raining do Instance usually be; a ?  of ;0.0;0.14979051301876703;0.99783456;0.113724045;;;;;;;;;
16;Leolani2;Lions roar ;May I ask you why?;t does Mincke like? I may be ignorant, bu tI don't know.I am sorry, I have no idea Apple pie smells good I am curious. What types of Instance like good do food orInstance usually smell It is raining Let me ask you something. What types of it orInstance like raining do Instance usually be Lions roar ;ive  i  ask  you  something ;0.5069541215896607;0.6581921964883805;0.9956576;0.6555565;3;1;3;1;5;5;5;5;4
17;Caya;May I ask you why?;Lions are territorial animals; I may be ignorant, bu tI don't know.I am sorry, I have no idea Apple pie smells good I am curious. What types of Instance like good do food orInstance usually smell It is raining Let me ask you something. What types of it orInstance like raining do Instance usually be Lions roar  May I ask you why?; dogs  are  wild . ;0.2486332762055099;0.40365006774663925;0.9952323;0.4540729;;;;;;;;;
18;Leolani2;Lions are territorial animals;I just learned something, I did not know anything that lions be;t know.I am sorry, I have no idea Apple pie smells good I am curious. What types of Instance like good do food orInstance usually smell It is raining Let me ask you something. What types of it orInstance like raining do Instance usually be Lions roar  May I ask you why? Lions are territorial animals; i  just  learned  that  i  do  not  know  before  about  could  are ;0.45040194608736783;0.7469622815648714;0.49071136;0.14939098;2;2;1;3;3;2;3;3;4
19;Caya;I just learned something, I did not know anything that lions be;Ella likes books;ious. What types of Instance like good do food orInstance usually smell It is raining Let me ask you something. What types of it orInstance like raining do Instance usually be Lions roar  May I ask you why? Lions are territorial animals I just learned something, I did not know anything that lions be; territorial  in  dogs ;0.0;0.14141437411308289;0.99472815;0.9970971;;;;;;;;;
20;Leolani2;Ella likes books;I am curious. Has ella own object?;of Instance like good do food orInstance usually smell It is raining Let me ask you something. What types of it orInstance like raining do Instance usually be Lions roar  May I ask you why? Lions are territorial animals I just learned something, I did not know anything that lions be Ella likes books; i  am  sure  is  her  read  books ;0.24310061761311122;0.4559213859694345;0.98876435;0.996395;3;4;3;4;3;1;4;3;3
21;Caya;I am curious. Has ella own object?;Ella is a person;tance usually smell It is raining Let me ask you something. What types of it orInstance like raining do Instance usually be Lions roar  May I ask you why? Lions are territorial animals I just learned something, I did not know anything that lions be Ella likes books I am curious. Has ella own object?; she  is  a  reader ;0.18120050057768822;0.3641195707023144;0.99244267;0.9955518;;;;;;;;;
22;Leolani2;Ella is a person;If you don't mind me asking. Has ella ever like by a agent?;ll It is raining Let me ask you something. What types of it orInstance like raining do Instance usually be Lions roar  May I ask you why? Lions are territorial animals I just learned something, I did not know anything that lions be Ella likes books I am curious. Has ella own object? Ella is a person; if ,  do  mind  me  asking has  she  been  signed  being  an  lion ;0.23350367007347253;0.512561332147855;0.7466932;0.98221546;2;4;3;4;3;2;3;2;3
23;Caya;If you don't mind me asking. Has ella ever like by a agent?;I do not know;orInstance like raining do Instance usually be Lions roar  May I ask you why? Lions are territorial animals I just learned something, I did not know anything that lions be Ella likes books I am curious. Has ella own object? Ella is a person If you don't mind me asking. Has ella ever like by a agent?; i  do  not  know ;0.758183091878891;0.758183091878891;0.9982737;0.6681979;;;;;;;;;
24;Leolani2;I do not know;I just learned something, I am excited to get to know about you!;e raining do Instance usually be Lions roar  May I ask you why? Lions are territorial animals I just learned something, I did not know anything that lions be Ella likes books I am curious. Has ella own object? Ella is a person If you don't mind me asking. Has ella ever like by a agent? I do not know; i  just  learned  something  i  am  curious  to  get  to  know  more  her ;0.5826260845821637;0.7228309557988093;0.99679625;0.59915984;3;5;5;1;1;1;5;5;4
25;Caya;I just learned something, I am excited to get to know about you!;What do I own? ;ions are territorial animals I just learned something, I did not know anything that lions be Ella likes books I am curious. Has ella own object? Ella is a person If you don't mind me asking. Has ella ever like by a agent? I do not know I just learned something, I am excited to get to know about you!; what  do  you  know  _ ;0.21451209783554076;0.4771349936723709;0.9977328;0.9961503;;;;;;;;;
26;Leolani2;What do I own? ;you told me you own no object and that you own a laptop ;rial animals I just learned something, I did not know anything that lions be Ella likes books I am curious. Has ella own object? Ella is a person If you don't mind me asking. Has ella ever like by a agent? I do not know I just learned something, I am excited to get to know about you! What do I own? ;ia  tell  me  you  have  an  pets  and  that  you  own  a  lion . ;0.4491897421622915;0.6263451097267014;0.99843735;0.99715877;3;5;2;3;4;4;5;3;3
27;Caya;you told me you own no object and that you own a laptop ;A laptop is a object;thing that lions be Ella likes books I am curious. Has ella own object? Ella is a person If you don't mind me asking. Has ella ever like by a agent? I do not know I just learned something, I am excited to get to know about you! What do I own?  you told me you own no object and that you own a laptop ; a  laptop  is  an  computer ;0.3960237639024854;0.5274081438779831;0.99826837;0.9970797;;;;;;;;;
28;Leolani2;A laptop is a object;If you don't mind me asking. Has a laptop like agent?;lla likes books I am curious. Has ella own object? Ella is a person If you don't mind me asking. Has ella ever like by a agent? I do not know I just learned something, I am excited to get to know about you! What do I own?  you told me you own no object and that you own a laptop  A laptop is a object; if  you  do  mind  me  asking is  a  book  or  a ;0.4021312855184078;0.6445299353111874;0.99824536;0.9970566;2;3;3;2;2;2;2;2;2
29;Caya;If you don't mind me asking. Has a laptop like agent?;Mincke is 24 years old;a is a person If you don't mind me asking. Has ella ever like by a agent? I do not know I just learned something, I am excited to get to know about you! What do I own?  you told me you own no object and that you own a laptop  A laptop is a object If you don't mind me asking. Has a laptop like agent?;she  is  13  years  old;0.5145087838172913;0.6854371547698974;0.99795586;0.9972548;;;;;;;;;
30;Leolani2;Mincke is 24 years old;I am glad to have learned something new. I did not know anybody that mincke be;n't mind me asking. Has ella ever like by a agent? I do not know I just learned something, I am excited to get to know about you! What do I own?  you told me you own no object and that you own a laptop  A laptop is a object If you don't mind me asking. Has a laptop like agent? Mincke is 24 years old; i  am  glad  i  have  learned  something , i  do  not  tell  before  like  could  was ;0.4554760530591011;0.703527863137424;0.9981158;0.99711215;3;3;2;3;3;2;3;3;2
31;Caya;I am glad to have learned something new. I did not know anybody that mincke be;I am 2 years younger than Mincke;something, I am excited to get to know about you! What do I own?  you told me you own no object and that you own a laptop  A laptop is a object If you don't mind me asking. Has a laptop like agent? Mincke is 24 years old I am glad to have learned something new. I did not know anybody that mincke be;i  am  2  years  older  than  her;0.49724751498017994;0.644782794373376;0.9971662;0.990365;;;;;;;;;
32;Leolani2;I am 2 years younger than Mincke;I am curious. Has caya experience smell?;o know about you! What do I own?  you told me you own no object and that you own a laptop  A laptop is a object If you don't mind me asking. Has a laptop like agent? Mincke is 24 years old I am glad to have learned something new. I did not know anybody that mincke be I am 2 years younger than Mincke; i  am . did  she  a  with ;0.22820308378764562;0.3851317603673254;0.99755615;0.1815395;3;4;4;4;3;3;4;3;3
33;Caya;I am curious. Has caya experience smell?;All people can smell;d me you own no object and that you own a laptop  A laptop is a object If you don't mind me asking. Has a laptop like agent? Mincke is 24 years old I am glad to have learned something new. I did not know anybody that mincke be I am 2 years younger than Mincke I am curious. Has caya experience smell?; some  animals  experience  smell ;0.17323650000616908;0.56416991725564;0.34953612;0.9945459;;;;;;;;;
34;Leolani2;All people can smell;Let me ask you something. What types can all people can smell;t and that you own a laptop  A laptop is a object If you don't mind me asking. Has a laptop like agent? Mincke is 24 years old I am glad to have learned something new. I did not know anybody that mincke be I am 2 years younger than Mincke I am curious. Has caya experience smell? All people can smell; let  i  ask  you ,  what ?  of  other  people  can  smell ;0.46814044068257016;0.6294042939941088;0.38834554;0.99477136;2;4;4;4;2;2;2;2;2
35;Caya;Let me ask you something. What types can all people can smell;How old am I?;mind me asking. Has a laptop like agent? Mincke is 24 years old I am glad to have learned something new. I did not know anybody that mincke be I am 2 years younger than Mincke I am curious. Has caya experience smell? All people can smell Let me ask you something. What types can all people can smell; how  old  am  i ;0.5972607582807541;0.8232083916664124;0.99740255;0.99682426;;;;;;;;;
36;Leolani2;How old am I?;you told me you do not are know and that you are 2 years younger than mincke;g. Has a laptop like agent? Mincke is 24 years old I am glad to have learned something new. I did not know anybody that mincke be I am 2 years younger than Mincke I am curious. Has caya experience smell? All people can smell Let me ask you something. What types can all people can smell How old am I?;you  tell  me  you  do  not  really  old  now  that  you  are  2  years  younger  than  the .;0.5305276320626339;0.6266975452502569;0.99828786;0.9969702;2;5;3;4;4;3;3;3;2
37;Caya;you told me you do not are know and that you are 2 years younger than mincke;Where I live in? ;omething new. I did not know anybody that mincke be I am 2 years younger than Mincke I am curious. Has caya experience smell? All people can smell Let me ask you something. What types can all people can smell How old am I? you told me you do not are know and that you are 2 years younger than mincke;ia  you  am  in i ;0.018347177654504776;0.338000462949276;0.997809;0.99717283;;;;;;;;;
38;Leolani2;Where I live in? ;I may be ignorant, bu tI don't know.I am sorry, I have no idea;d not know anybody that mincke be I am 2 years younger than Mincke I am curious. Has caya experience smell? All people can smell Let me ask you something. What types can all people can smell How old am I? you told me you do not are know and that you are 2 years younger than mincke  Where I live in?;ive  must  be  older  but  i  do  i  am  young  i  have  no  idea ;0.35839409061840605;0.5511181162936347;0.9961399;0.99724704;3;2;1;1;5;5;4;4;4
39;Caya;I may be ignorant, bu tI don't know.I am sorry, I have no idea;Where live I in?;cke I am curious. Has caya experience smell? All people can smell Let me ask you something. What types can all people can smell How old am I? you told me you do not are know and that you are 2 years younger than mincke  Where I live in?  I may be ignorant, bu tI don't know.I am sorry, I have no idea; where  am  you  am ;0.15449871122837067;0.5992582514882088;0.9926416;0.99622154;;;;;;;;;
40;Leolani2;Where live I in?;I don't know;Has caya experience smell? All people can smell Let me ask you something. What types can all people can smell How old am I? you told me you do not are know and that you are 2 years younger than mincke  Where I live in?  I may be ignorant, bu tI don't know.I am sorry, I have no idea Where live I in?;i  only  know ;0.40505439043045044;0.5691475570201874;0.99329776;0.99227345;3;1;1;1;5;5;5;5;5
41;Caya;I don't know;Mincke likes Apple pie;erience smell? All people can smell Let me ask you something. What types can all people can smell How old am I? you told me you do not are know and that you are 2 years younger than mincke  Where I live in?  I may be ignorant, bu tI don't know.I am sorry, I have no idea Where live I in? I don't know; who    apple . ;0.15095143020153046;0.3548231888562441;0.9982929;0.99539304;;;;;;;;;
42;Leolani2;Mincke likes Apple pie;I just learned something, I had never heard about apple pie before!;le can smell Let me ask you something. What types can all people can smell How old am I? you told me you do not are know and that you are 2 years younger than mincke  Where I live in?  I may be ignorant, bu tI don't know.I am sorry, I have no idea Where live I in? I don't know Mincke likes Apple pie; i  just  learned  that  i  have  never  heard  of  apple  pie  before ;0.5798364598304033;0.8145654400189718;0.99825644;0.996753;4;4;4;4;5;5;5;5;5
43;Caya;I just learned something, I had never heard about apple pie before!;Apple pie is a cake ;smell How old am I? you told me you do not are know and that you are 2 years younger than mincke  Where I live in?  I may be ignorant, bu tI don't know.I am sorry, I have no idea Where live I in? I don't know Mincke likes Apple pie I just learned something, I had never heard about apple pie before!; apple  pie  is  a  delicious ! ;0.4968335082133611;0.594979777932167;0.99797046;0.9966539;;;;;;;;;
44;Leolani2;Apple pie is a cake ;Exciting news! I did not know anybody who be a cake;you told me you do not are know and that you are 2 years younger than mincke  Where I live in?  I may be ignorant, bu tI don't know.I am sorry, I have no idea Where live I in? I don't know Mincke likes Apple pie I just learned something, I had never heard about apple pie before! Apple pie is a cake;ive ! i  do  not  know  that  could  likes  a  baker ;0.33809195357290184;0.6905370232733813;0.9978599;0.9966449;2;3;2;2;4;3;4;2;2
45;Caya;Exciting news! I did not know anybody who be a cake;A cake is a dish;ears younger than mincke  Where I live in?  I may be ignorant, bu tI don't know.I am sorry, I have no idea Where live I in? I don't know Mincke likes Apple pie I just learned something, I had never heard about apple pie before! Apple pie is a cake  Exciting news! I did not know anybody who be a cake;.  pie  is  a  cake ;0.3850203588604927;0.5871006071567535;0.99816966;0.99691135;;;;;;;;;
46;Leolani2;A cake is a dish;If you don't mind me asking. What types can a cake be; mincke  Where I live in?  I may be ignorant, bu tI don't know.I am sorry, I have no idea Where live I in? I don't know Mincke likes Apple pie I just learned something, I had never heard about apple pie before! Apple pie is a cake  Exciting news! I did not know anybody who be a cake A cake is a dish; if  you  do  mind  me . what  dish  can  a  cake  be ;0.5545125131805738;0.632509857416153;0.99809474;0.9966927;2;2;2;2;3;2;3;2;2
47;Caya;If you don't mind me asking. What types can a cake be;I like pizza;n't know.I am sorry, I have no idea Where live I in? I don't know Mincke likes Apple pie I just learned something, I had never heard about apple pie before! Apple pie is a cake  Exciting news! I did not know anybody who be a cake A cake is a dish If you don't mind me asking. What types can a cake be;?  eat  to ;0.062047719955444336;0.3656231512626012;0.99765474;0.997861;;;;;;;;;
48;Leolani2;I like pizza;I am curious. Has caya favorite interest?; sorry, I have no idea Where live I in? I don't know Mincke likes Apple pie I just learned something, I had never heard about apple pie before! Apple pie is a cake  Exciting news! I did not know anybody who be a cake A cake is a dish If you don't mind me asking. What types can a cake be I like pizza; i  am  a what  a  lost ? ;0.1404367642743247;0.44241910747119356;0.9977228;0.9903363;4;3;4;3;1;4;4;5;4
49;Caya;I am curious. Has caya favorite interest?;I am an equestrian;don't know Mincke likes Apple pie I just learned something, I had never heard about apple pie before! Apple pie is a cake  Exciting news! I did not know anybody who be a cake A cake is a dish If you don't mind me asking. What types can a cake be I like pizza I am curious. Has caya favorite interest?;i  am  an  eater ;0.614772692322731;0.6326657608151436;0.9977474;0.99255455;;;;;;;;;
50;Leolani2;I am an equestrian;Cool! Now I know 2 items that caya be, like 2 years younger than mincke and 2 years younger than mincke;ikes Apple pie I just learned something, I had never heard about apple pie before! Apple pie is a cake  Exciting news! I did not know anybody who be a cake A cake is a dish If you don't mind me asking. What types can a cake be I like pizza I am curious. Has caya favorite interest? I am an equestrian;. !  i  know  the  things  can  can  is  like  5  years  older  than  me  and  5  years  older  than  the;0.2569288799561383;0.5077884442926872;0.9923246;0.9956116;3;5;3;5;2;3;3;3;2
51;Caya;Cool! Now I know 2 items that caya be, like 2 years younger than mincke and 2 years younger than mincke;Mincke lives in Utrecht;Exciting news! I did not know anybody who be a cake A cake is a dish If you don't mind me asking. What types can a cake be I like pizza I am curious. Has caya favorite interest? I am an equestrian Cool! Now I know 2 items that caya be, like 2 years younger than mincke and 2 years younger than mincke; who  lived  in  tx ;0.24462162982672453;0.464912336319685;0.9971261;0.9962933;;;;;;;;;
52;Leolani2;Mincke lives in Utrecht;I just learned something, I had never heard about mincke before!;know anybody who be a cake A cake is a dish If you don't mind me asking. What types can a cake be I like pizza I am curious. Has caya favorite interest? I am an equestrian Cool! Now I know 2 items that caya be, like 2 years younger than mincke and 2 years younger than mincke Mincke lives in Utrecht; i  just  learned  that  i  have  never  heard  of  her . ;0.4466917311603373;0.6899993013251912;0.99549246;0.99340475;4;4;5;3;5;4;5;5;4
53;Caya;I just learned something, I had never heard about mincke before!;Who is Mincke?;asking. What types can a cake be I like pizza I am curious. Has caya favorite interest? I am an equestrian Cool! Now I know 2 items that caya be, like 2 years younger than mincke and 2 years younger than mincke Mincke lives in Utrecht I just learned something, I had never heard about mincke before!;who  is  she ;0.5181584358215332;0.6060049931208292;0.9968917;0.62221134;;;;;;;;;
54;Leolani2;Who is Mincke?;you told me mincke is 24 years old;ypes can a cake be I like pizza I am curious. Has caya favorite interest? I am an equestrian Cool! Now I know 2 items that caya be, like 2 years younger than mincke and 2 years younger than mincke Mincke lives in Utrecht I just learned something, I had never heard about mincke before! Who is Mincke?;they  tell  me  she  is  2  years  old !;0.4429835652311643;0.5777159109711647;0.9971955;0.99583477;4;4;2;4;4;4;4;5;5
55;Caya;you told me mincke is 24 years old;Mincke is my friend;curious. Has caya favorite interest? I am an equestrian Cool! Now I know 2 items that caya be, like 2 years younger than mincke and 2 years younger than mincke Mincke lives in Utrecht I just learned something, I had never heard about mincke before! Who is Mincke? you told me mincke is 24 years old;ia  is  my  friend ;0.41314389184117317;0.4729269929230213;0.99851847;0.9951916;;;;;;;;;
56;Leolani2;Mincke is my friend;I would like to know. Has caya friend dislike by a agent?;avorite interest? I am an equestrian Cool! Now I know 2 items that caya be, like 2 years younger than mincke and 2 years younger than mincke Mincke lives in Utrecht I just learned something, I had never heard about mincke before! Who is Mincke? you told me mincke is 24 years old  Mincke is my friend; i  would  like  to  see is  your  been  signed  become  an  lot ;0.28834550579388935;0.5940976068377495;0.9977877;0.9971101;2;3;2;3;2;2;2;2;2
57;Caya;I would like to know. Has caya friend dislike by a agent?;bye;ems that caya be, like 2 years younger than mincke and 2 years younger than mincke Mincke lives in Utrecht I just learned something, I had never heard about mincke before! Who is Mincke? you told me mincke is 24 years old  Mincke is my friend I would like to know. Has caya friend dislike by a agent?;i ;0.0;0.05940140038728714;0.99724555;0.9970982;;;;;;;;;
58;Leolani2;bye;So let it be written, ... so let it be done;that caya be, like 2 years younger than mincke and 2 years younger than mincke Mincke lives in Utrecht I just learned something, I had never heard about mincke before! Who is Mincke? you told me mincke is 24 years old  Mincke is my friend I would like to know. Has caya friend dislike by a agent? bye;!  let  it  be  done  bye  or  let  it  be  written ;0.49346036091446877;0.7579789324240251;0.17479192;0.9971187;;;;;;;;;
59;Leolani2;So let it be written, ... so let it be done;Hey! I would like to know your name! Mincke?;ke and 2 years younger than mincke Mincke lives in Utrecht I just learned something, I had never heard about mincke before! Who is Mincke? you told me mincke is 24 years old  Mincke is my friend I would like to know. Has caya friend dislike by a agent? bye So let it be written, ... so let it be done;! i  would  like  to  know  his  friend ! ;0.5031600900822215;0.6545876678493288;0.9971892;0.9971025;;;;;;;;;
60;;Hey! I would like to know your name! Mincke?;Mincke;es in Utrecht I just learned something, I had never heard about mincke before! Who is Mincke? you told me mincke is 24 years old  Mincke is my friend I would like to know. Has caya friend dislike by a agent? bye So let it be written, ... so let it be done Hey! I would like to know your name! Mincke?;! ;0.0;0.07673858106136322;0.99780786;0.997048;;;;;;;;;
61;;Mincke;So your name is Mincke?;trecht I just learned something, I had never heard about mincke before! Who is Mincke? you told me mincke is 24 years old  Mincke is my friend I would like to know. Has caya friend dislike by a agent? bye So let it be written, ... so let it be done Hey! I would like to know your name! Mincke? Mincke;?  your  name ! ? ;0.21662844493985176;0.5538665950298309;0.9977234;0.9970477;;;;;;;;;
62;;So your name is Mincke?;yes;mething, I had never heard about mincke before! Who is Mincke? you told me mincke is 24 years old  Mincke is my friend I would like to know. Has caya friend dislike by a agent? bye So let it be written, ... so let it be done Hey! I would like to know your name! Mincke? Mincke So your name is Mincke?;! ;0.0;0.07143310457468033;0.9972641;0.99708194;;;;;;;;;
63;Leolani2;yes;Tell me anything, I love learning things;ing, I had never heard about mincke before! Who is Mincke? you told me mincke is 24 years old  Mincke is my friend I would like to know. Has caya friend dislike by a agent? bye So let it be written, ... so let it be done Hey! I would like to know your name! Mincke? Mincke So your name is Mincke? yes; tell  than ,  i  love  hearing  about ;0.35546411467450006;0.5317844205668995;0.99732304;0.99706507;4;1;3;1;4;5;4;5;5
64;Mincke;Tell me anything, I love learning things;I do not like cats;e! Who is Mincke? you told me mincke is 24 years old  Mincke is my friend I would like to know. Has caya friend dislike by a agent? bye So let it be written, ... so let it be done Hey! I would like to know your name! Mincke? Mincke So your name is Mincke? yes Tell me anything, I love learning things; i  do  not  like , ;0.6253102421760559;0.7048303782939911;0.9963253;0.9971386;;;;;;;;;
65;Leolani2;I do not like cats;Let me ask you something. Has mincke like by agent?;ou told me mincke is 24 years old  Mincke is my friend I would like to know. Has caya friend dislike by a agent? bye So let it be written, ... so let it be done Hey! I would like to know your name! Mincke? Mincke So your name is Mincke? yes Tell me anything, I love learning things I do not like cats; let  me  tell  you ,  is  friend  dislike  an  a ;0.32456996724940834;0.6928406715393066;998;0.9971956;3;1;3;2;3;2;2;3;3
66;Mincke;Let me ask you something. Has mincke like by agent?;Yes;nd I would like to know. Has caya friend dislike by a agent? bye So let it be written, ... so let it be done Hey! I would like to know your name! Mincke? Mincke So your name is Mincke? yes Tell me anything, I love learning things I do not like cats Let me ask you something. Has mincke like by agent?; bye ;0.0;0.871802806854248;0.9971301;0.9958074;;;;;;;;;
67;Leolani2;Yes;I do frequently do not know things; would like to know. Has caya friend dislike by a agent? bye So let it be written, ... so let it be done Hey! I would like to know your name! Mincke? Mincke So your name is Mincke? yes Tell me anything, I love learning things I do not like cats Let me ask you something. Has mincke like by agent? Yes; i  very  i  do  you  know  you ;0.29356167784758974;0.46499617184911457;0.9972216;0.99660164;2;1;2;1;1;1;2;5;4
68;Mincke;I do frequently do not know things;Yesterday the weather was sunny;d dislike by a agent? bye So let it be written, ... so let it be done Hey! I would like to know your name! Mincke? Mincke So your name is Mincke? yes Tell me anything, I love learning things I do not like cats Let me ask you something. Has mincke like by agent? Yes I do frequently do not know things;.  the  weather  is  bad ;0.23650222420692443;0.45954036712646484;0.9971532;0.9962802;;;;;;;;;
69;Leolani2;Yesterday the weather was sunny;I just learned something, I had never heard about sunny before!; it be written, ... so let it be done Hey! I would like to know your name! Mincke? Mincke So your name is Mincke? yes Tell me anything, I love learning things I do not like cats Let me ask you something. Has mincke like by agent? Yes I do frequently do not know things Yesterday the weather was sunny; i  just  learned  that  i  have  never  heard  of  cats  weather ;0.48426666313951666;0.7183296057310972;0.99263144;0.9891341;4;1;3;2;3;4;4;4;3
70;Mincke;I just learned something, I had never heard about sunny before!;sunny is a type of weather;your name! Mincke? Mincke So your name is Mincke? yes Tell me anything, I love learning things I do not like cats Let me ask you something. Has mincke like by agent? Yes I do frequently do not know things Yesterday the weather was sunny I just learned something, I had never heard about sunny before!; it  is  a  type  of  weather ;0.5958053988094131;0.6695053031047186;0.9933899;0.99671733;;;;;;;;;
71;Leolani2;sunny is a type of weather;Interesting! I did not know anything that sunny be;o your name is Mincke? yes Tell me anything, I love learning things I do not like cats Let me ask you something. Has mincke like by agent? Yes I do frequently do not know things Yesterday the weather was sunny I just learned something, I had never heard about sunny before! sunny is a type of weather;,  i  did  not  know  about  about  could  was ;0.3805493646197849;0.6811853680345747;0.99780226;0.99686843;2;1;2;2;3;2;3;2;2
72;Mincke;Interesting! I did not know anything that sunny be;Do you know Caya; learning things I do not like cats Let me ask you something. Has mincke like by agent? Yes I do frequently do not know things Yesterday the weather was sunny I just learned something, I had never heard about sunny before! sunny is a type of weather Interesting! I did not know anything that sunny be;f  you  like  what ;0.25730578787624836;0.46939819399267435;0.9951303;0.63322586;;;;;;;;;
73;Leolani2;Do you know Caya;I know agent usually do know person, but I do not know this case;I do not like cats Let me ask you something. Has mincke like by agent? Yes I do frequently do not know things Yesterday the weather was sunny I just learned something, I had never heard about sunny before! sunny is a type of weather Interesting! I did not know anything that sunny be Do you know Caya; i  am  i  i  i  this  things  but  i  did  not  in  the . ;0.29304961061903406;0.5516008617622512;0.9984018;0.6884888;1;1;1;1;3;1;2;1;1
74;Mincke;I know agent usually do know person, but I do not know this case;Is Caya your friend? ;gent? Yes I do frequently do not know things Yesterday the weather was sunny I just learned something, I had never heard about sunny before! sunny is a type of weather Interesting! I did not know anything that sunny be Do you know Caya I know agent usually do know person, but I do not know this case;.  she  your  friend ? ;0.12943121194839477;0.30738837718963624;0.99544287;0.7928042;;;;;;;;;
75;Leolani2;Is Caya your friend? ;I know agent usually is agent, but I do not know this case;tly do not know things Yesterday the weather was sunny I just learned something, I had never heard about sunny before! sunny is a type of weather Interesting! I did not know anything that sunny be Do you know Caya I know agent usually do know person, but I do not know this case Is Caya your friend? ;ive  know  agent  who  know ,  but  i  do  not  know  this  case ;0.579000911460473;0.6991172146338683;0.99823135;0.97045773;1;1;1;1;2;1;1;1;1
76;Mincke;I know agent usually is agent, but I do not know this case;Where do I live;st learned something, I had never heard about sunny before! sunny is a type of weather Interesting! I did not know anything that sunny be Do you know Caya I know agent usually do know person, but I do not know this case Is Caya your friend?  I know agent usually is agent, but I do not know this case; where  do  you ? ;0.36097120493650436;0.6881746128201485;0.99756306;0.9511645;;;;;;;;;
77;Leolani2;Where do I live;I may be ignorant, bu tI don't know.I am sorry, I have no idea;hing, I had never heard about sunny before! sunny is a type of weather Interesting! I did not know anything that sunny be Do you know Caya I know agent usually do know person, but I do not know this case Is Caya your friend?  I know agent usually is agent, but I do not know this case Where do I live;?  must  be  there  but  i  do  i  am  afraid  i  had  no  idea ;0.35975521696465357;0.5814496752406869;0.99550056;0.6204392;1;1;1;1;5;4;5;5;1
78;Mincke;I may be ignorant, bu tI don't know.I am sorry, I have no idea;I live in Utrecht;weather Interesting! I did not know anything that sunny be Do you know Caya I know agent usually do know person, but I do not know this case Is Caya your friend?  I know agent usually is agent, but I do not know this case Where do I live I may be ignorant, bu tI don't know.I am sorry, I have no idea; i  live  in  tex ;0.6821815222501755;0.7216687463223934;0.99788296;0.62338734;;;;;;;;;
79;Leolani2;I live in Utrecht;I did not know that! I had never heard about utrecht before!;g! I did not know anything that sunny be Do you know Caya I know agent usually do know person, but I do not know this case Is Caya your friend?  I know agent usually is agent, but I do not know this case Where do I live I may be ignorant, bu tI don't know.I am sorry, I have no idea I live in Utrecht; and  did  not  know  that i  have  never  heard  of  that . ;0.47864374083777267;0.7628563990195593;0.9982336;0.31056;5;3;4;3;5;5;4;5;5
80;Mincke;I did not know that! I had never heard about utrecht before!;Utrecht is a city in The Netherlands;now agent usually do know person, but I do not know this case Is Caya your friend?  I know agent usually is agent, but I do not know this case Where do I live I may be ignorant, bu tI don't know.I am sorry, I have no idea I live in Utrecht I did not know that! I had never heard about utrecht before!; it  is  a  city  in  the eland ;0.6673651593072074;0.7666158782584327;0.9951516;0.09907536;;;;;;;;;
81;Leolani2;Utrecht is a city in The Netherlands;Let me ask you something. What types of Instance like a city in tae netherlands do location orInstance usually be; I do not know this case Is Caya your friend?  I know agent usually is agent, but I do not know this case Where do I live I may be ignorant, bu tI don't know.I am sorry, I have no idea I live in Utrecht I did not know that! I had never heard about utrecht before! Utrecht is a city in The Netherlands; let  me  tell  you , what  kind  of  cities  in  the  court  in  the ? ?  agents  would  it ? ;0.30291850175708535;0.596048079431057;0.9047075;0.46736044;1;1;1;3;1;1;1;1;1
82;Mincke;Let me ask you something. What types of Instance like a city in tae netherlands do location orInstance usually be;Utrecht is a city in Holland; I live I may be ignorant, bu tI don't know.I am sorry, I have no idea I live in Utrecht I did not know that! I had never heard about utrecht before! Utrecht is a city in The Netherlands Let me ask you something. What types of Instance like a city in tae netherlands do location orInstance usually be; there  is  a  city  in  the ;0.6107381681601206;0.8456679930289587;0.99726737;0.99510145;;;;;;;;;
83;Leolani2;Utrecht is a city in Holland;Exciting news! I did not know anything that utrecht be; tI don't know.I am sorry, I have no idea I live in Utrecht I did not know that! I had never heard about utrecht before! Utrecht is a city in The Netherlands Let me ask you something. What types of Instance like a city in tae netherlands do location orInstance usually be Utrecht is a city in Holland; good . i  did  not  know  either  about  could  is ;0.32131894745398315;0.5821297064423561;0.99802643;0.9968784;2;1;2;2;2;1;1;2;2
84;Mincke;Exciting news! I did not know anything that utrecht be;Do you know where I live? ;echt I did not know that! I had never heard about utrecht before! Utrecht is a city in The Netherlands Let me ask you something. What types of Instance like a city in tae netherlands do location orInstance usually be Utrecht is a city in Holland Exciting news! I did not know anything that utrecht be; do  you  know  where  you  live hello ;0.5855613563741956;0.6775749112878527;0.9980952;0.99724805;;;;;;;;;
85;Leolani2;Do you know where I live? ;I wouldn't know!; had never heard about utrecht before! Utrecht is a city in The Netherlands Let me ask you something. What types of Instance like a city in tae netherlands do location orInstance usually be Utrecht is a city in Holland Exciting news! I did not know anything that utrecht be Do you know where I live? ;ive  do  say ;0.0;0.38712788621584576;0.99586;0.99714005;4;1;1;1;5;4;5;5;4
86;Mincke;I wouldn't know!;Do you know where Caya lives?;about utrecht before! Utrecht is a city in The Netherlands Let me ask you something. What types of Instance like a city in tae netherlands do location orInstance usually be Utrecht is a city in Holland Exciting news! I did not know anything that utrecht be Do you know where I live?  I wouldn't know!; do  you  know  where  she  live ;0.6052579979101816;0.7089818765719732;0.9848156;0.9971338;;;;;;;;;
87;Leolani2;Do you know where Caya lives?;I don't know;is a city in The Netherlands Let me ask you something. What types of Instance like a city in tae netherlands do location orInstance usually be Utrecht is a city in Holland Exciting news! I did not know anything that utrecht be Do you know where I live?  I wouldn't know! Do you know where Caya lives?; i  only  know ;0.433559517065684;0.636184016863505;0.973452;0.96695757;4;1;1;1;5;4;5;5;4
88;Mincke;I don't know;Caya lives in Amsterdam;The Netherlands Let me ask you something. What types of Instance like a city in tae netherlands do location orInstance usually be Utrecht is a city in Holland Exciting news! I did not know anything that utrecht be Do you know where I live?  I wouldn't know! Do you know where Caya lives? I don't know; she  lives  in  dc ;0.4287593513727188;0.7277117632329464;0.9875659;0.99546814;;;;;;;;;
89;Leolani2;Caya lives in Amsterdam;Interesting! I had never heard about caya before!;sk you something. What types of Instance like a city in tae netherlands do location orInstance usually be Utrecht is a city in Holland Exciting news! I did not know anything that utrecht be Do you know where I live?  I wouldn't know! Do you know where Caya lives? I don't know Caya lives in Amsterdam;. i  have  never  heard  of  her . ;0.2980411844328046;0.6505961529910564;0.98486435;0.99682;5;2;3;3;4;4;5;5;5
90;Mincke;Interesting! I had never heard about caya before!;What does Ella like? ;ty in tae netherlands do location orInstance usually be Utrecht is a city in Holland Exciting news! I did not know anything that utrecht be Do you know where I live?  I wouldn't know! Do you know where Caya lives? I don't know Caya lives in Amsterdam Interesting! I had never heard about caya before!;what  is  she  do ! ;0.10501240715384483;0.5912631124258041;0.99220467;0.9947291;;;;;;;;;
91;Leolani2;What does Ella like? ;I don't know;do location orInstance usually be Utrecht is a city in Holland Exciting news! I did not know anything that utrecht be Do you know where I live?  I wouldn't know! Do you know where Caya lives? I don't know Caya lives in Amsterdam Interesting! I had never heard about caya before! What does Ella like? ; i  only  know ;0.6561669508616129;0.8236498634020487;0.9826537;0.97595465;2;1;1;1;5;4;5;5;5
92;Mincke;I don't know;What Ella like? ;rInstance usually be Utrecht is a city in Holland Exciting news! I did not know anything that utrecht be Do you know where I live?  I wouldn't know! Do you know where Caya lives? I don't know Caya lives in Amsterdam Interesting! I had never heard about caya before! What does Ella like?  I don't know; what  she  likes   ;0.4558713436126709;0.6702036038041115;0.9970927;0.9195617;;;;;;;;;
93;Leolani2;What Ella like? ;I may be ignorant, bu tI don't know.I am sorry, I have no idea; be Utrecht is a city in Holland Exciting news! I did not know anything that utrecht be Do you know where I live?  I wouldn't know! Do you know where Caya lives? I don't know Caya lives in Amsterdam Interesting! I had never heard about caya before! What does Ella like?  I don't know What Ella like? ; i  may  be  wrong  but  i  do  i  am  ignorant  i  have  no  clue ;0.4323194090809141;0.6640596293977329;0.9947534;0.97737026;2;1;1;1;5;4;5;5;4
94;Mincke;I may be ignorant, bu tI don't know.I am sorry, I have no idea;What like Ella?;anything that utrecht be Do you know where I live?  I wouldn't know! Do you know where Caya lives? I don't know Caya lives in Amsterdam Interesting! I had never heard about caya before! What does Ella like?  I don't know What Ella like?  I may be ignorant, bu tI don't know.I am sorry, I have no idea; you  is ? ;0.010938713947931925;0.5183374285697937;0.99747825;0.9832998;;;;;;;;;
95;Leolani2;What like Ella?;Caya told me ella like books;recht be Do you know where I live?  I wouldn't know! Do you know where Caya lives? I don't know Caya lives in Amsterdam Interesting! I had never heard about caya before! What does Ella like?  I don't know What Ella like?  I may be ignorant, bu tI don't know.I am sorry, I have no idea What like Ella?;you  told  me  she  likes  him ;0.20832942550381026;0.38774843886494637;0.9980294;0.99691534;4;3;3;3;5;5;4;5;4
96;Mincke;Caya told me ella like books;What Caya own? ;live?  I wouldn't know! Do you know where Caya lives? I don't know Caya lives in Amsterdam Interesting! I had never heard about caya before! What does Ella like?  I don't know What Ella like?  I may be ignorant, bu tI don't know.I am sorry, I have no idea What like Ella? Caya told me ella like books; does  you  like   ;0.06902799010276794;0.5357107073068619;0.99804753;0.9969925;;;;;;;;;
97;Leolani2;What Caya own? ;Be that as it may, still may it be as it may be;t know! Do you know where Caya lives? I don't know Caya lives in Amsterdam Interesting! I had never heard about caya before! What does Ella like?  I don't know What Ella like?  I may be ignorant, bu tI don't know.I am sorry, I have no idea What like Ella? Caya told me ella like books What Caya own? ; be  strange  as  it  may  or  let  not  be  what  it  should  be ;0.3343794470733533;0.5926926413980814;0.9973046;0.9969274;1;1;1;1;1;1;1;1;2
98;Mincke;Be that as it may, still may it be as it may be;What own Caya?;ow Caya lives in Amsterdam Interesting! I had never heard about caya before! What does Ella like?  I don't know What Ella like?  I may be ignorant, bu tI don't know.I am sorry, I have no idea What like Ella? Caya told me ella like books What Caya own?  Be that as it may, still may it be as it may be; her  is ? ;0.0;0.4386863211790721;0.99806356;0.99708664;;;;;;;;;
99;Leolani2;What own Caya?;Caya told me caya own no object and that caya own a laptop ;n Amsterdam Interesting! I had never heard about caya before! What does Ella like?  I don't know What Ella like?  I may be ignorant, bu tI don't know.I am sorry, I have no idea What like Ella? Caya told me ella like books What Caya own?  Be that as it may, still may it be as it may be What own Caya?;she  told  me  they  is  an  books  and  that  she  own  a  lot . ;0.3163388137306486;0.6218129832829747;0.99753875;0.9971721;3;3;3;3;4;1;3;3;3
100;Mincke;Caya told me caya own no object and that caya own a laptop ;A laptop is an object;! What does Ella like?  I don't know What Ella like?  I may be ignorant, bu tI don't know.I am sorry, I have no idea What like Ella? Caya told me ella like books What Caya own?  Be that as it may, still may it be as it may be What own Caya? Caya told me caya own no object and that caya own a laptop ; a  computer  is  no  object ;0.4774536281824112;0.5879681676626205;0.99639666;0.99770963;;;;;;;;;
101;Leolani2;A laptop is an object;I just learned something, I did not know anybody who be an object;  I don't know What Ella like?  I may be ignorant, bu tI don't know.I am sorry, I have no idea What like Ella? Caya told me ella like books What Caya own?  Be that as it may, still may it be as it may be What own Caya? Caya told me caya own no object and that caya own a laptop  A laptop is an object; i  just  learned .  i  do  not  know  how  could  owned  an  object ;0.4640958263323857;0.6831447631120682;0.99469423;0.99611396;1;1;2;1;2;1;1;1;1
102;Mincke;I just learned something, I did not know anybody who be an object;Do you have any gossip?;w.I am sorry, I have no idea What like Ella? Caya told me ella like books What Caya own?  Be that as it may, still may it be as it may be What own Caya? Caya told me caya own no object and that caya own a laptop  A laptop is an object I just learned something, I did not know anybody who be an object; do  you  know  any  questions ;0.5430671736598015;0.660040232539177;0.99777085;0.70488065;;;;;;;;;
103;Leolani2;Do you have any gossip?;I know agent usually do noun.communication, but I do not know this case;idea What like Ella? Caya told me ella like books What Caya own?  Be that as it may, still may it be as it may be What own Caya? Caya told me caya own no object and that caya own a laptop  A laptop is an object I just learned something, I did not know anybody who be an object Do you have any gossip?;i  know  people  who  mean ,  but  i  do  not  in  the . ;0.3408014807277001;0.5534784037333268;0.99787515;0.37154403;1;1;1;1;1;1;1;1;1
104;Mincke;I know agent usually do noun.communication, but I do not know this case;Do lion roar? ;t as it may, still may it be as it may be What own Caya? Caya told me caya own no object and that caya own a laptop  A laptop is an object I just learned something, I did not know anybody who be an object Do you have any gossip? I know agent usually do noun.communication, but I do not know this case;.  you  king ! ;0.0;0.36628636717796326;0.34061062;0.2838301;;;;;;;;;
105;Leolani2;Do lion roar? ;I know noun.animal usually do noun.event, but I do not know this case;ill may it be as it may be What own Caya? Caya told me caya own no object and that caya own a laptop  A laptop is an object I just learned something, I did not know anybody who be an object Do you have any gossip? I know agent usually do noun.communication, but I do not know this case Do lion roar? ; i  know  agent  usually  do ,  but  i  do  not  know  this  case ;0.6814785381922355;0.7958401911533796;0.9981958;0.05829981;1;1;1;1;1;1;1;1;1
106;Mincke;I know noun.animal usually do noun.event, but I do not know this case;Mincke likes skiing;ect and that caya own a laptop  A laptop is an object I just learned something, I did not know anybody who be an object Do you have any gossip? I know agent usually do noun.communication, but I do not know this case Do lion roar?  I know noun.animal usually do noun.event, but I do not know this case; he  is  lions ;0.0;0.25429103523492813;0.99793124;0.09399613;;;;;;;;;
107;Leolani2;Mincke likes skiing;and then the wolves came;n a laptop  A laptop is an object I just learned something, I did not know anybody who be an object Do you have any gossip? I know agent usually do noun.communication, but I do not know this case Do lion roar?  I know noun.animal usually do noun.event, but I do not know this case Mincke likes skiing; and  where  the  lion . ;0.23104546070098878;0.3003973215818405;0.997967;0.1729183;1;1;1;1;1;1;1;1;3
108;Mincke;and then the wolves came;Mincke like ski;n object I just learned something, I did not know anybody who be an object Do you have any gossip? I know agent usually do noun.communication, but I do not know this case Do lion roar?  I know noun.animal usually do noun.event, but I do not know this case Mincke likes skiing and then the wolves came; in  likes  skiing ;0.00585205100166301;0.6676014562447866;0.9983466;0.9661196;;;;;;;;;
109;Leolani2;Mincke like ski;I am glad to have learned something new. I did not know anybody who like ski;learned something, I did not know anybody who be an object Do you have any gossip? I know agent usually do noun.communication, but I do not know this case Do lion roar?  I know noun.animal usually do noun.event, but I do not know this case Mincke likes skiing and then the wolves came Mincke like ski; i  am  glad  i  have  learned  something , i  do  not  know  anybody  who  like  skiing ;0.7027520472183824;0.8551424629986286;0.9984396;0.9968361;4;3;3;3;4;4;4;3;3
110;Mincke;I am glad to have learned something new. I did not know anybody who like ski;What Mincke like? ;ssip? I know agent usually do noun.communication, but I do not know this case Do lion roar?  I know noun.animal usually do noun.event, but I do not know this case Mincke likes skiing and then the wolves came Mincke like ski I am glad to have learned something new. I did not know anybody who like ski;.  you ? s ;0.0;0.3692674618214369;0.9983089;0.99730515;;;;;;;;;
111;Leolani2;What Mincke like? ;I do frequently do not know things;usually do noun.communication, but I do not know this case Do lion roar?  I know noun.animal usually do noun.event, but I do not know this case Mincke likes skiing and then the wolves came Mincke like ski I am glad to have learned something new. I did not know anybody who like ski What Mincke like? ; i  very  i  do  not  know  this ;0.4064927803618567;0.5648802518844604;0.99786377;0.99713224;1;1;2;1;1;2;3;2;3
112;Mincke;I do frequently do not know things;What like Mincke? ;I do not know this case Do lion roar?  I know noun.animal usually do noun.event, but I do not know this case Mincke likes skiing and then the wolves came Mincke like ski I am glad to have learned something new. I did not know anybody who like ski What Mincke like?  I do frequently do not know things;.  about ? s ;0.018754908815026283;0.2689782939851284;0.9945352;0.9976171;;;;;;;;;
113;Leolani2;What like Mincke? ;Caya told me you do not like cats and that you like apple pie and you told me you do not like cats and that you like ski;case Do lion roar?  I know noun.animal usually do noun.event, but I do not know this case Mincke likes skiing and then the wolves came Mincke like ski I am glad to have learned something new. I did not know anybody who like ski What Mincke like?  I do frequently do not know things What like Mincke? ; you  told  you  you  do  not  like  cats  and  that  you  like  pizza , .  you  told  me  you  do  not  like  cats  and  that  you  like  apple ;0.7751233420733895;0.8301313024546418;0.99799764;0.9957398;4;4;3;5;5;5;4;4;3
114;Mincke;Caya told me you do not like cats and that you like apple pie and you told me you do not like cats and that you like ski;What not like Mincke? ;e wolves came Mincke like ski I am glad to have learned something new. I did not know anybody who like ski What Mincke like?  I do frequently do not know things What like Mincke?  Caya told me you do not like cats and that you like apple pie and you told me you do not like cats and that you like ski; do  you  like ?   ;0.22690481543540955;0.5364524513483048;0.9978978;0.9969787;;;;;;;;;
115;Leolani2;What not like Mincke? ;Caya told me you do not like cats and that you like apple pie and you told me you do not like cats and that you like ski;ke ski I am glad to have learned something new. I did not know anybody who like ski What Mincke like?  I do frequently do not know things What like Mincke?  Caya told me you do not like cats and that you like apple pie and you told me you do not like cats and that you like ski What not like Mincke? ; you  told  me  you  do  not  like  cats  and  that  you  like  apple  pie  and  you  told  me  you  do  not  like  cats  and  that  you  like  ski ;0.9614649649177279;0.9930371642112732;0.9980476;0.9961709;4;4;3;5;5;5;4;4;3
116;Mincke;Caya told me you do not like cats and that you like apple pie and you told me you do not like cats and that you like ski;Mincke love snow; not know things What like Mincke?  Caya told me you do not like cats and that you like apple pie and you told me you do not like cats and that you like ski What not like Mincke?  Caya told me you do not like cats and that you like apple pie and you told me you do not like cats and that you like ski; masks  and  you ;0.0;0.17264700680971146;0.9979421;0.99715084;;;;;;;;;
117;Leolani2;Mincke love snow;In this economy?;What like Mincke?  Caya told me you do not like cats and that you like apple pie and you told me you do not like cats and that you like ski What not like Mincke?  Caya told me you do not like cats and that you like apple pie and you told me you do not like cats and that you like ski Mincke love snow; and  the  case ;0.07099983096122742;0.26326192418734234;0.9981922;0.9972042;1;2;2;1;3;4;3;1;4
118;Mincke;In this economy?;yes;  Caya told me you do not like cats and that you like apple pie and you told me you do not like cats and that you like ski What not like Mincke?  Caya told me you do not like cats and that you like apple pie and you told me you do not like cats and that you like ski Mincke love snow In this economy?;? ;0.0;0.12444032728672028;0.998302;0.9971804;;;;;;;;;
119;Leolani2;yes;As the prophecy foretold;ya told me you do not like cats and that you like apple pie and you told me you do not like cats and that you like ski What not like Mincke?  Caya told me you do not like cats and that you like apple pie and you told me you do not like cats and that you like ski Mincke love snow In this economy? yes;,  if  bible ! ;0.027328157797455788;0.35898957028985023;0.9984719;0.99715054;1;2;1;1;1;1;1;1;3
120;Mincke;As the prophecy foretold;bye;e cats and that you like apple pie and you told me you do not like cats and that you like ski What not like Mincke?  Caya told me you do not like cats and that you like apple pie and you told me you do not like cats and that you like ski Mincke love snow In this economy? yes As the prophecy foretold; us ;0.0;0.2537080943584442;0.9984021;0.9971629;;;;;;;;;
121;Leolani2;bye;As the prophecy foretold;ts and that you like apple pie and you told me you do not like cats and that you like ski What not like Mincke?  Caya told me you do not like cats and that you like apple pie and you told me you do not like cats and that you like ski Mincke love snow In this economy? yes As the prophecy foretold bye; as  the  prophecy  fore ;0.6534990072250366;0.8610779494047165;0.99840176;0.99719375;1;1;1;1;1;1;1;1;3
