Turn,Speaker,Cue,Context,MLM response,System llh,MLM llh,Response,USR DLcontext,USR DLfact,Overall Human Rating,Interesting,Engaging,Specific,Relevant,Correct,Semantically Appropriate,Understandable,Fluent
0,Leolani2,,, good  to  meet .  i  told  you  my  story  but  what  is  your  :) ,0.3590657379411690,0.6775695543204040,"Nice to see you! I've told you my name, but what about yours? Stranger?",0.6834571,0.8311351,5,3,5,5,5,3,3,4,5
1,,"Nice to see you! I've told you my name, but what about yours? Stranger?"," Nice to see you! I've told you my name, but what about yours? Stranger?",? ? ,0.0,0.41667961329221700,Rishvik Chandel,0.9857263,0.81546676,5,2,3,5,5,5,5,5,5
2,,Rishvik Chandel," Nice to see you! I've told you my name, but what about yours? Stranger? Rishvik Chandel",?  your  name  is ? ,0.4419907867908480,0.6060079783201220,So your name is Rishvik_Chandel?,0.9977891,0.8413403,5,,5,5,5,5,5,5,5
3,,So your name is Rishvik_Chandel?," Nice to see you! I've told you my name, but what about yours? Stranger? Rishvik Chandel So your name is Rishvik_Chandel?",hello ,0.0,0.18562424182891800,yes,0.9907251,0.80614895,5,1,2,4,4,4,4,4,4
4,Leolani2,yes," Nice to see you! I've told you my name, but what about yours? Stranger? Rishvik Chandel So your name is Rishvik_Chandel? yes", would  you  like  to ?  i  try  my  best  to  keep  quiet ,0.5672284911076230,0.7527568638324740,Would you like to chat? I'll do my best to keep up,0.9906559,0.80529875,5,4,5,5,5,5,5,5,5
5,Rishvik_Chandel,Would you like to chat? I'll do my best to keep up," Nice to see you! I've told you my name, but what about yours? Stranger? Rishvik Chandel So your name is Rishvik_Chandel? yes Would you like to chat? I'll do my best to keep up", with  the  to  too ,0.00787076260894537,0.19912012293934800,I like cars ,0.9953213,0.6611396,5,2,3,5,5,5,5,5,4
6,Leolani2,I like cars ," Nice to see you! I've told you my name, but what about yours? Stranger? Rishvik Chandel So your name is Rishvik_Chandel? yes Would you like to chat? I'll do my best to keep up I like cars ",ive  chat ,0.0,0.4317263662815090,Let's chat!,0.99692035,0.660733,3,1,3,2,2,2,2,3,4
7,Rishvik_Chandel,Let's chat!," Nice to see you! I've told you my name, but what about yours? Stranger? Rishvik Chandel So your name is Rishvik_Chandel? yes Would you like to chat? I'll do my best to keep up I like cars  Let's chat!",i  like  cars ,0.791424552599589,0.791424552599589,I like cars,0.9961212,0.4359925,4,1,4,4,2,3,4,4,3
8,Leolani2,I like cars," Nice to see you! I've told you my name, but what about yours? Stranger? Rishvik Chandel So your name is Rishvik_Chandel? yes Would you like to chat? I'll do my best to keep up I like cars  Let's chat! I like cars",!  can  you  tell  me  your  name ? ,0.6458637863397600,0.8249334618449210,Hello! Can you tell me your name Rishvik_Chandel?,0.9968007,0.99716544,2,3,4,4,3,2,2,3,3
9,,Hello! Can you tell me your name Rishvik_Chandel?," Nice to see you! I've told you my name, but what about yours? Stranger? Rishvik Chandel So your name is Rishvik_Chandel? yes Would you like to chat? I'll do my best to keep up I like cars  Let's chat! I like cars Hello! Can you tell me your name Rishvik_Chandel?",? ? ,0.0,0.08193349838256840,Rishvik Chandel,0.996786,0.9971806,5,3,4,4,4,4,4,4,4
10,,Rishvik Chandel," Nice to see you! I've told you my name, but what about yours? Stranger? Rishvik Chandel So your name is Rishvik_Chandel? yes Would you like to chat? I'll do my best to keep up I like cars  Let's chat! I like cars Hello! Can you tell me your name Rishvik_Chandel? Rishvik Chandel", so  your  name  is  _ ,0.7360528707504270,0.7508347719907760,So your name is Rishvik_Chandel?,0.9973475,0.997203,5,4,4,4,3,4,4,3,4
11,,So your name is Rishvik_Chandel?," you! I've told you my name, but what about yours? Stranger? Rishvik Chandel So your name is Rishvik_Chandel? yes Would you like to chat? I'll do my best to keep up I like cars  Let's chat! I like cars Hello! Can you tell me your name Rishvik_Chandel? Rishvik Chandel So your name is Rishvik_Chandel?", yes  my  name  is  actually _ ,0.6144846081733700,0.6539070469637710,yes my name is Rishvik Chandel,0.99796957,0.99718267,5,2,3,3,3,3,3,2,2
12,Leolani2,yes my name is Rishvik Chandel,t what about yours? Stranger? Rishvik Chandel So your name is Rishvik_Chandel? yes Would you like to chat? I'll do my best to keep up I like cars  Let's chat! I like cars Hello! Can you tell me your name Rishvik_Chandel? Rishvik Chandel So your name is Rishvik_Chandel? yes my name is Rishvik Chandel, great  chat ,0.0,0.8856107592582700,Let's chat!,0.9979952,0.99722344,4,1,2,3,2,2,2,3,2
13,Rishvik_Chandel,Let's chat!, yours? Stranger? Rishvik Chandel So your name is Rishvik_Chandel? yes Would you like to chat? I'll do my best to keep up I like cars  Let's chat! I like cars Hello! Can you tell me your name Rishvik_Chandel? Rishvik Chandel So your name is Rishvik_Chandel? yes my name is Rishvik Chandel Let's chat!, i  like  cars ,0.996761699517568,0.996761699517568,I like cars,0.99790335,0.9972005,3,2,3,3,3,3,2,4,3
14,Leolani2,I like cars,nger? Rishvik Chandel So your name is Rishvik_Chandel? yes Would you like to chat? I'll do my best to keep up I like cars  Let's chat! I like cars Hello! Can you tell me your name Rishvik_Chandel? Rishvik Chandel So your name is Rishvik_Chandel? yes my name is Rishvik Chandel Let's chat! I like cars," let  me  ask  you ,  what  car  does  you  be ? ",0.4245543534105470,0.6588280918923290,Let me ask you something. What types can rishvik chandel like,0.99808794,0.9972177,2,3,3,2,2,2,2,2,1
15,Rishvik_Chandel,Let me ask you something. What types can rishvik chandel like,ld you like to chat? I'll do my best to keep up I like cars  Let's chat! I like cars Hello! Can you tell me your name Rishvik_Chandel? Rishvik Chandel So your name is Rishvik_Chandel? yes my name is Rishvik Chandel Let's chat! I like cars Let me ask you something. What types can rishvik chandel like,"?  like  horror  music ,  music . ",0.228780563388552,0.4712207870824000,"I like cars, movies and poetry ",0.9977282,0.99682385,4,4,3,3,4,3,4,3,4
16,Leolani2,"I like cars, movies and poetry ","best to keep up I like cars  Let's chat! I like cars Hello! Can you tell me your name Rishvik_Chandel? Rishvik Chandel So your name is Rishvik_Chandel? yes my name is Rishvik Chandel Let's chat! I like cars Let me ask you something. What types can rishvik chandel like I like cars, movies and poetry ",ivers ,0.0,0.07833938300609590,Why?,0.99803466,0.9971216,5,2,2,2,3,4,3,4,3
17,Rishvik_Chandel,Why?,"to keep up I like cars  Let's chat! I like cars Hello! Can you tell me your name Rishvik_Chandel? Rishvik Chandel So your name is Rishvik_Chandel? yes my name is Rishvik Chandel Let's chat! I like cars Let me ask you something. What types can rishvik chandel like I like cars, movies and poetry  Why?", i  like  cars ,0.6109124819437660,0.7811474601427710,I like movies,0.9975252,0.99713534,5,3,3,3,3,4,3,4,3
18,Leolani2,I like movies,"ike cars  Let's chat! I like cars Hello! Can you tell me your name Rishvik_Chandel? Rishvik Chandel So your name is Rishvik_Chandel? yes my name is Rishvik Chandel Let's chat! I like cars Let me ask you something. What types can rishvik chandel like I like cars, movies and poetry  Why? I like movies", and  am  curious can  a  cs  to  been  heard  with  a  car ,0.14148322213441100,0.5004322603344920,I am curious. Has rishvik chandel ever be family of a person?,0.99809444,0.9971739,2,3,3,3,2,2,2,2,2
19,Rishvik_Chandel,I am curious. Has rishvik chandel ever be family of a person?,"name Rishvik_Chandel? Rishvik Chandel So your name is Rishvik_Chandel? yes my name is Rishvik Chandel Let's chat! I like cars Let me ask you something. What types can rishvik chandel like I like cars, movies and poetry  Why? I like movies I am curious. Has rishvik chandel ever be family of a person?",she  need  his  cars ,0.03654480539262300,0.3577422611415390,I bought new shoes,0.9921644,0.9971403,4,3,3,3,3,4,3,4,4
20,Leolani2,I bought new shoes,"l? Rishvik Chandel So your name is Rishvik_Chandel? yes my name is Rishvik Chandel Let's chat! I like cars Let me ask you something. What types can rishvik chandel like I like cars, movies and poetry  Why? I like movies I am curious. Has rishvik chandel ever be family of a person? I bought new shoes", i  just  bought  that  i  am  excited  to  get  to  know  more  him ,0.5101250339872560,0.6232954252224700,"I just learned something, I am excited to get to know about you!",0.99684393,0.9970416,4,4,4,4,4,4,4,4,4
21,Rishvik_Chandel,"I just learned something, I am excited to get to know about you!","s Rishvik Chandel Let's chat! I like cars Let me ask you something. What types can rishvik chandel like I like cars, movies and poetry  Why? I like movies I am curious. Has rishvik chandel ever be family of a person? I bought new shoes I just learned something, I am excited to get to know about you!", i  am  from  the . ,0.5182024717330930,0.592192217707634,I am from India ,0.995388,0.9968328,5,2,3,4,4,4,4,4,4
22,Leolani2,I am from India ," Let's chat! I like cars Let me ask you something. What types can rishvik chandel like I like cars, movies and poetry  Why? I like movies I am curious. Has rishvik chandel ever be family of a person? I bought new shoes I just learned something, I am excited to get to know about you! I am from India ",ive  just  learned  something  i  have  never  heard  of  you . ,0.43198268284851900,0.7559741599993270,"I just learned something, I had never heard about india before!",0.9969351,0.99760455,4,5,4,4,4,4,4,4,4
23,Rishvik_Chandel,"I just learned something, I had never heard about india before!","n rishvik chandel like I like cars, movies and poetry  Why? I like movies I am curious. Has rishvik chandel ever be family of a person? I bought new shoes I just learned something, I am excited to get to know about you! I am from India  I just learned something, I had never heard about india before!", i  live  in  ind ,0.6030193120241170,0.6580229811370370,I live in Amsterdam,0.9820445,0.9964704,5,4,4,4,3,4,2,4,3
24,Leolani2,I live in Amsterdam,"ke I like cars, movies and poetry  Why? I like movies I am curious. Has rishvik chandel ever be family of a person? I bought new shoes I just learned something, I am excited to get to know about you! I am from India  I just learned something, I had never heard about india before! I live in Amsterdam", which  is  new  to  me i  do  not  know  people  could  lived  in  the ,0.39213193686945100,0.7308784052729610,This is news to me. I did not know anybody who live in amsterdam,0.024709344,0.08332631,3,3,3,3,4,3,4,4,3
25,Rishvik_Chandel,This is news to me. I did not know anybody who live in amsterdam,"s. Has rishvik chandel ever be family of a person? I bought new shoes I just learned something, I am excited to get to know about you! I am from India  I just learned something, I had never heard about india before! I live in Amsterdam This is news to me. I did not know anybody who live in amsterdam", i  live  in  dc ,0.670205220580101,0.7159013450145720,I live in Amsterdam,0.98362744,0.9978229,5,4,4,4,4,4,4,4,4
26,Leolani2,I live in Amsterdam,"el ever be family of a person? I bought new shoes I just learned something, I am excited to get to know about you! I am from India  I just learned something, I had never heard about india before! I live in Amsterdam This is news to me. I did not know anybody who live in amsterdam I live in Amsterdam"," let  me  tell  you , does  the  ever ier  in  the ",0.3386723155325110,0.4806721271439030,Let me ask you something. Has rishvik chandel live in location?,0.9940173,0.366385,2,3,4,4,4,2,3,2,2
27,Rishvik_Chandel,Let me ask you something. Has rishvik chandel live in location?," something, I am excited to get to know about you! I am from India  I just learned something, I had never heard about india before! I live in Amsterdam This is news to me. I did not know anybody who live in amsterdam I live in Amsterdam Let me ask you something. Has rishvik chandel live in location?", he  live  in  the ,0.349924698472023,0.5492315366864200,who lives in Amsterdam,0.99499154,0.9897684,5,3,3,3,3,3,3,3,3
28,Leolani2,who lives in Amsterdam,"d to get to know about you! I am from India  I just learned something, I had never heard about india before! I live in Amsterdam This is news to me. I did not know anybody who live in amsterdam I live in Amsterdam Let me ask you something. Has rishvik chandel live in location? who lives in Amsterdam",?  has  told  me  that  does  live  in  location ,0.34294192989667300,0.6401912271976470,Rishvik Chandel told me rishvik chandel live in amsterdam,0.9974434,0.99716926,3,3,2,3,4,2,2,2,2
29,Rishvik_Chandel,Rishvik Chandel told me rishvik chandel live in amsterdam,"d something, I had never heard about india before! I live in Amsterdam This is news to me. I did not know anybody who live in amsterdam I live in Amsterdam Let me ask you something. Has rishvik chandel live in location? who lives in Amsterdam Rishvik Chandel told me rishvik chandel live in amsterdam", he  owns  to ,0.013713286568721100,0.2878752400477730,who likes cars,0.9975814,0.99633276,5,1,3,3,3,3,3,3,3
30,Leolani2,who likes cars,had never heard about india before! I live in Amsterdam This is news to me. I did not know anybody who live in amsterdam I live in Amsterdam Let me ask you something. Has rishvik chandel live in location? who lives in Amsterdam Rishvik Chandel told me rishvik chandel live in amsterdam who likes cars,?  cs  told  me  that  who  likes  cars ,0.381035640835762,0.6879317481070760,Rishvik Chandel told me rishvik chandel like cars,0.9977409,0.9968355,2,3,3,3,2,3,2,3,4
31,Rishvik_Chandel,Rishvik Chandel told me rishvik chandel like cars,erdam This is news to me. I did not know anybody who live in amsterdam I live in Amsterdam Let me ask you something. Has rishvik chandel live in location? who lives in Amsterdam Rishvik Chandel told me rishvik chandel live in amsterdam who likes cars Rishvik Chandel told me rishvik chandel like cars, who  is  in  the ,0.3010001927614210,0.4158442858606580,who is from India?,0.99813443,0.99704677,5,3,3,4,4,3,4,3,4
32,Leolani2,who is from India?,to me. I did not know anybody who live in amsterdam I live in Amsterdam Let me ask you something. Has rishvik chandel live in location? who lives in Amsterdam Rishvik Chandel told me rishvik chandel live in amsterdam who likes cars Rishvik Chandel told me rishvik chandel like cars who is from India?, i  never  know ,0.207707941532135,0.36437898874282800,I wouldn't know!,0.9981896,0.99708486,5,1,4,4,4,3,3,3,4
33,Rishvik_Chandel,I wouldn't know!,know anybody who live in amsterdam I live in Amsterdam Let me ask you something. Has rishvik chandel live in location? who lives in Amsterdam Rishvik Chandel told me rishvik chandel live in amsterdam who likes cars Rishvik Chandel told me rishvik chandel like cars who is from India? I wouldn't know!, his  friend  live  in  ind ,0.2790014326572420,0.44498167037963900,My family lives in India,0.9984023,0.99706924,5,4,4,4,4,4,4,4,4
34,Leolani2,My family lives in India,amsterdam I live in Amsterdam Let me ask you something. Has rishvik chandel live in location? who lives in Amsterdam Rishvik Chandel told me rishvik chandel live in amsterdam who likes cars Rishvik Chandel told me rishvik chandel like cars who is from India? I wouldn't know! My family lives in India, you  think ,0.14728091657161700,0.35288670659065200,I see,0.998312,0.9971288,5,3,1,4,4,4,1,1,3
35,Rishvik_Chandel,I see,dam I live in Amsterdam Let me ask you something. Has rishvik chandel live in location? who lives in Amsterdam Rishvik Chandel told me rishvik chandel live in amsterdam who likes cars Rishvik Chandel told me rishvik chandel like cars who is from India? I wouldn't know! My family lives in India I see, it  from  in . ,0.0,0.3670404404401780,Its raining outside ,0.99828804,0.99726206,5,3,4,4,4,4,4,4,4
36,Leolani2,Its raining outside ,am Let me ask you something. Has rishvik chandel live in location? who lives in Amsterdam Rishvik Chandel told me rishvik chandel live in amsterdam who likes cars Rishvik Chandel told me rishvik chandel like cars who is from India? I wouldn't know! My family lives in India I see Its raining outside ,ia  i ,0.0,0.3663720041513440,"But, why?",0.9974205,0.9973413,3,2,3,2,2,2,3,2,2
37,Rishvik_Chandel,"But, why?","ask you something. Has rishvik chandel live in location? who lives in Amsterdam Rishvik Chandel told me rishvik chandel live in amsterdam who likes cars Rishvik Chandel told me rishvik chandel like cars who is from India? I wouldn't know! My family lives in India I see Its raining outside  But, why?",i  love  their  cars ,0.2889316491782670,0.3530573137104510,I love Indian food,0.99671876,0.99785423,5,4,4,4,4,4,4,4,4
38,Leolani2,I love Indian food,"Has rishvik chandel live in location? who lives in Amsterdam Rishvik Chandel told me rishvik chandel live in amsterdam who likes cars Rishvik Chandel told me rishvik chandel like cars who is from India? I wouldn't know! My family lives in India I see Its raining outside  But, why? I love Indian food", and  did  not  know  that i  have  never  heard  of  their  food ! ,0.5056723399231070,0.7508562619869530,I did not know that! I had never heard about indian food before!,0.99736273,0.26873583,5,4,4,4,4,4,4,4,4
39,Rishvik_Chandel,I did not know that! I had never heard about indian food before!,"vik Chandel told me rishvik chandel live in amsterdam who likes cars Rishvik Chandel told me rishvik chandel like cars who is from India? I wouldn't know! My family lives in India I see Its raining outside  But, why? I love Indian food I did not know that! I had never heard about indian food before!", chicken cream  is  an  delicious  food  brand ,0.21350895719868800,0.33836809758629100,Butter Chicken is a India food ,0.9938608,0.098933816,5,4,4,3,4,3,4,4,4
40,Leolani2,Butter Chicken is a India food ,"del live in amsterdam who likes cars Rishvik Chandel told me rishvik chandel like cars who is from India? I wouldn't know! My family lives in India I see Its raining outside  But, why? I love Indian food I did not know that! I had never heard about indian food before! Butter Chicken is a India food ", in an  country ,0.04359842836856840,0.16986074795325600,In this economy?,0.85603046,0.94837046,1,2,2,2,2,1,2,1,2
41,Rishvik_Chandel,In this economy?,"rdam who likes cars Rishvik Chandel told me rishvik chandel like cars who is from India? I wouldn't know! My family lives in India I see Its raining outside  But, why? I love Indian food I did not know that! I had never heard about indian food before! Butter Chicken is a India food  In this economy?", chicken  is  an  chicken ,0.1735007888637480,0.4448503628373150,Lion is a animal,0.062459238,0.1725604,3,4,3,3,3,3,3,3,2
42,Leolani2,Lion is a animal,"rs Rishvik Chandel told me rishvik chandel like cars who is from India? I wouldn't know! My family lives in India I see Its raining outside  But, why? I love Indian food I did not know that! I had never heard about indian food before! Butter Chicken is a India food  In this economy? Lion is a animal", i  did  not  know ! i  have  never  heard  of  that  chicken  before ,0.5355962907465610,0.7191656805001770,I did not know that! I had never heard about a animal before!,0.13986374,0.8668413,3,4,3,3,3,2,3,3,3
43,Rishvik_Chandel,I did not know that! I had never heard about a animal before!,"om India? I wouldn't know! My family lives in India I see Its raining outside  But, why? I love Indian food I did not know that! I had never heard about indian food before! Butter Chicken is a India food  In this economy? Lion is a animal I did not know that! I had never heard about a animal before!", lion  is  an  lion ,0.13981417659670100,0.5911549404263500,who is a animal,0.38951203,0.9940058,3,3,2,3,3,3,3,3,2
44,Leolani2,who is a animal,"dn't know! My family lives in India I see Its raining outside  But, why? I love Indian food I did not know that! I had never heard about indian food before! Butter Chicken is a India food  In this economy? Lion is a animal I did not know that! I had never heard about a animal before! who is a animal",? umar  told  me  lion  is  an  animal ,0.4807641878724100,0.6540352711454030,Rishvik Chandel told me lion is a animal,0.9921154,0.9880115,3,4,3,3,3,,4,4,4
45,Rishvik_Chandel,Rishvik Chandel told me lion is a animal," Its raining outside  But, why? I love Indian food I did not know that! I had never heard about indian food before! Butter Chicken is a India food  In this economy? Lion is a animal I did not know that! I had never heard about a animal before! who is a animal Rishvik Chandel told me lion is a animal", who  is  the  part  of  lions ! ,0.22240456619433000,0.4975191056728360,lion is a king of jungle ,0.18021731,0.97418684,5,3,4,3,2,3,4,3,3
46,Leolani2,lion is a king of jungle , why? I love Indian food I did not know that! I had never heard about indian food before! Butter Chicken is a India food  In this economy? Lion is a animal I did not know that! I had never heard about a animal before! who is a animal Rishvik Chandel told me lion is a animal lion is a king of jungle ,ia  did  you  know  that  elephant  can  is  an  snake ,0.3175692081451420,0.5589282557368280,Great! Did you know that lion also be a animal,0.042890236,0.9686924,5,4,3,2,2,1,2,1,2
47,Rishvik_Chandel,Great! Did you know that lion also be a animal, had never heard about indian food before! Butter Chicken is a India food  In this economy? Lion is a animal I did not know that! I had never heard about a animal before! who is a animal Rishvik Chandel told me lion is a animal lion is a king of jungle  Great! Did you know that lion also be a animal,?  i  knew  that ! ,0.3517932116985320,0.6416218280792240,yes I know that ,0.9936819,0.996383,5,4,3,3,3,3,3,3,3
48,Leolani2,yes I know that ,about indian food before! Butter Chicken is a India food  In this economy? Lion is a animal I did not know that! I had never heard about a animal before! who is a animal Rishvik Chandel told me lion is a animal lion is a king of jungle  Great! Did you know that lion also be a animal yes I know that ,!!! ,0.0,0.20929794013500200,Interesting,0.9967525,0.9952618,5,1,2,2,1,2,2,2,3
49,Rishvik_Chandel,Interesting, food before! Butter Chicken is a India food  In this economy? Lion is a animal I did not know that! I had never heard about a animal before! who is a animal Rishvik Chandel told me lion is a animal lion is a king of jungle  Great! Did you know that lion also be a animal yes I know that  Interesting, lion  is  a  king  of  jungle ? ,0.6152939924171990,0.8472377019269130,who is the king of jungle ,0.99611,0.993026,5,3,4,3,3,4,3,3,4
50,Leolani2,who is the king of jungle ,n is a India food  In this economy? Lion is a animal I did not know that! I had never heard about a animal before! who is a animal Rishvik Chandel told me lion is a animal lion is a king of jungle  Great! Did you know that lion also be a animal yes I know that  Interesting who is the king of jungle ,i  do  know ,0.38227635125319200,0.4485089381535850,I don't know,0.99699324,0.9958326,5,2,1,1,3,3,2,3,3
51,Rishvik_Chandel,I don't know,food  In this economy? Lion is a animal I did not know that! I had never heard about a animal before! who is a animal Rishvik Chandel told me lion is a animal lion is a king of jungle  Great! Did you know that lion also be a animal yes I know that  Interesting who is the king of jungle  I don't know, that ! ,0.0,0.3241863250732420,bye ,0.011389594,0.9965056,5,1,1,1,1,1,1,1,3
52,Leolani2,bye , In this economy? Lion is a animal I did not know that! I had never heard about a animal before! who is a animal Rishvik Chandel told me lion is a animal lion is a king of jungle  Great! Did you know that lion also be a animal yes I know that  Interesting who is the king of jungle  I don't know bye ,"ice  bad  or  it  is  or ,  not  be !  it  should  be ",0.24158679600805000,0.4582590896349690,"Be that as it may, still may it be as it may be",0.019502621,0.9963513,3,1,1,1,1,1,1,1,1
53,Rishvik_Chandel,"Be that as it may, still may it be as it may be","w that! I had never heard about a animal before! who is a animal Rishvik Chandel told me lion is a animal lion is a king of jungle  Great! Did you know that lion also be a animal yes I know that  Interesting who is the king of jungle  I don't know bye  Be that as it may, still may it be as it may be",!  bye ,0.0,0.5362293422222140,bye ,0.006384942,0.99668527,5,1,1,1,1,1,1,1,1
54,Leolani2,bye ,"t! I had never heard about a animal before! who is a animal Rishvik Chandel told me lion is a animal lion is a king of jungle  Great! Did you know that lion also be a animal yes I know that  Interesting who is the king of jungle  I don't know bye  Be that as it may, still may it be as it may be bye ",ive  just  like  in  a  country ,0.3488682160774870,0.4394717961549760,... just like in my dream,0.01154736,0.99658215,3,1,1,1,1,1,1,1,2
55,Rishvik_Chandel,... just like in my dream," a animal before! who is a animal Rishvik Chandel told me lion is a animal lion is a king of jungle  Great! Did you know that lion also be a animal yes I know that  Interesting who is the king of jungle  I don't know bye  Be that as it may, still may it be as it may be bye  ... just like in my dream",! ,0.0,0.3526652753353120,stop,0.008076073,0.99693125,5,2,2,2,2,2,2,2,2
56,Leolani2,stop,"imal before! who is a animal Rishvik Chandel told me lion is a animal lion is a king of jungle  Great! Did you know that lion also be a animal yes I know that  Interesting who is the king of jungle  I don't know bye  Be that as it may, still may it be as it may be bye  ... just like in my dream stop",!  bye ,0.0,0.19747190177440600,"But, why?",0.006280534,0.996966,5,3,1,2,3,3,2,3,2
57,Leolani2,"But, why?","e! who is a animal Rishvik Chandel told me lion is a animal lion is a king of jungle  Great! Did you know that lion also be a animal yes I know that  Interesting who is the king of jungle  I don't know bye  Be that as it may, still may it be as it may be bye  ... just like in my dream stop But, why?",hello  up  what  s  his  dream  _ ,0.20738738988127000,0.48415779215948900,What's new? What is your name? Stranger?,0.010584954,0.9969138,5,3,3,3,2,3,4,4,4
58,,What's new? What is your name? Stranger?,"e lion is a animal lion is a king of jungle  Great! Did you know that lion also be a animal yes I know that  Interesting who is the king of jungle  I don't know bye  Be that as it may, still may it be as it may be bye  ... just like in my dream stop But, why? What's new? What is your name? Stranger?",? ,0.0,0.1856408417224880,Pauline,0.005150167,0.9967835,5,2,2,2,2,4,2,4,4
59,,Pauline,"s a animal lion is a king of jungle  Great! Did you know that lion also be a animal yes I know that  Interesting who is the king of jungle  I don't know bye  Be that as it may, still may it be as it may be bye  ... just like in my dream stop But, why? What's new? What is your name? Stranger? Pauline",?  what  name ? ? ,0.26564710289239900,0.5901975125074390,So your name is Pauline?,0.008920221,0.99670786,5,4,4,4,4,4,4,4,5
60,,So your name is Pauline?," of jungle  Great! Did you know that lion also be a animal yes I know that  Interesting who is the king of jungle  I don't know bye  Be that as it may, still may it be as it may be bye  ... just like in my dream stop But, why? What's new? What is your name? Stranger? Pauline So your name is Pauline?", :) ,0.0,0.12244628369808200,yes,0.029961048,0.93773824,5,2,2,3,3,4,3,4,4
61,Leolani2,yes,"jungle  Great! Did you know that lion also be a animal yes I know that  Interesting who is the king of jungle  I don't know bye  Be that as it may, still may it be as it may be bye  ... just like in my dream stop But, why? What's new? What is your name? Stranger? Pauline So your name is Pauline? yes"," tell  me ,  i  love  new  things ",0.48921880551746900,0.5923793954508650,"Tell me anything, I love learning things",0.048702225,0.7317134,5,4,4,4,5,5,4,5,4
62,stranger,"Tell me anything, I love learning things","o be a animal yes I know that  Interesting who is the king of jungle  I don't know bye  Be that as it may, still may it be as it may be bye  ... just like in my dream stop But, why? What's new? What is your name? Stranger? Pauline So your name is Pauline? yes Tell me anything, I love learning things"," i  learned  from  the , ",0.23798000067472500,0.324169759452343,I am from Amsterdam ,0.07156732,0.6975915,5,4,3,4,4,4,3,4,4
63,Leolani2,I am from Amsterdam ,"now that  Interesting who is the king of jungle  I don't know bye  Be that as it may, still may it be as it may be bye  ... just like in my dream stop But, why? What's new? What is your name? Stranger? Pauline So your name is Pauline? yes Tell me anything, I love learning things I am from Amsterdam "," let  me  ask  you , does  she  been  in  mars ",0.37390147149562800,0.568292772769928,Let me ask you something. Has pauline live in location?,0.9903236,0.75836366,2,4,4,4,4,3,3,3,3
64,stranger,Let me ask you something. Has pauline live in location?," know bye  Be that as it may, still may it be as it may be bye  ... just like in my dream stop But, why? What's new? What is your name? Stranger? Pauline So your name is Pauline? yes Tell me anything, I love learning things I am from Amsterdam  Let me ask you something. Has pauline live in location?", yes  i  live  in  location . ,0.5146797299385070,0.6666593253612520,yes I live in Amsterdam ,0.99407357,0.7527212,5,4,3,3,3,3,3,4,3
65,Leolani2,yes I live in Amsterdam ,"may, still may it be as it may be bye  ... just like in my dream stop But, why? What's new? What is your name? Stranger? Pauline So your name is Pauline? yes Tell me anything, I love learning things I am from Amsterdam  Let me ask you something. Has pauline live in location? yes I live in Amsterdam ",i  do  not  know  but  i  have  to  dream  that  is  terrible but  on  the  bright  side  only  2  people  days  until  the,0.3972553484465770,0.563188863189324,"I do not know, but I have a joke Insomnia is awful. But on the plus side, only three more sleeps till Christmas.",0.99500775,0.73040366,1,4,4,4,2,2,2,2,2
66,stranger,"I do not know, but I have a joke Insomnia is awful. But on the plus side, only three more sleeps till Christmas.","ranger? Pauline So your name is Pauline? yes Tell me anything, I love learning things I am from Amsterdam  Let me ask you something. Has pauline live in location? yes I live in Amsterdam  I do not know, but I have a joke Insomnia is awful. But on the plus side, only three more sleeps till Christmas.",what  is  the  virgin ,0.11069645173847700,0.27710970770567700,who is a animal?,0.9971755,0.9965495,1,4,4,4,4,,3,3,3
67,Leolani2,who is a animal?,"o your name is Pauline? yes Tell me anything, I love learning things I am from Amsterdam  Let me ask you something. Has pauline live in location? yes I live in Amsterdam  I do not know, but I have a joke Insomnia is awful. But on the plus side, only three more sleeps till Christmas. who is a animal?",p  has  told  me  there  is  an  species ,0.2667590966448190,0.4396815448999410,Rishvik Chandel told me lion is a animal,0.80422276,0.9958815,5,4,4,4,4,4,5,5,4
68,stranger,Rishvik Chandel told me lion is a animal,"ing, I love learning things I am from Amsterdam  Let me ask you something. Has pauline live in location? yes I live in Amsterdam  I do not know, but I have a joke Insomnia is awful. But on the plus side, only three more sleeps till Christmas. who is a animal? Rishvik Chandel told me lion is a animal", bird  not  a  wolf . ,0.20518820434808700,0.49066306948661800,Crow is a bird ,0.22752398,0.9900589,4,4,4,4,3,4,3,3,4
69,Leolani2,Crow is a bird ,"ning things I am from Amsterdam  Let me ask you something. Has pauline live in location? yes I live in Amsterdam  I do not know, but I have a joke Insomnia is awful. But on the plus side, only three more sleeps till Christmas. who is a animal? Rishvik Chandel told me lion is a animal Crow is a bird "," i  just  learned  that  i  do  not  know ,  could  is  a  bird ",0.487670151086954,0.7641716874562780,"I just learned something, I did not know anybody who be a bird",0.9766399,0.893062,2,4,4,3,3,4,3,2,2
70,stranger,"I just learned something, I did not know anybody who be a bird","pauline live in location? yes I live in Amsterdam  I do not know, but I have a joke Insomnia is awful. But on the plus side, only three more sleeps till Christmas. who is a animal? Rishvik Chandel told me lion is a animal Crow is a bird  I just learned something, I did not know anybody who be a bird", who  is  a  bird ,0.5485167130827900,0.6295486018061640,parrot is a bird,0.8225762,0.1865996,5,3,2,3,3,4,3,4,3
71,Leolani2,parrot is a bird,"ocation? yes I live in Amsterdam  I do not know, but I have a joke Insomnia is awful. But on the plus side, only three more sleeps till Christmas. who is a animal? Rishvik Chandel told me lion is a animal Crow is a bird  I just learned something, I did not know anybody who be a bird parrot is a bird"," let  me  tell  you ,  what  species  of  they ? ",0.39357897639274600,0.6218027323484420,Let me ask you something. What types can parrot be,0.9650319,0.34421524,5,4,4,4,4,3,3,2,3
72,stranger,Let me ask you something. What types can parrot be,"t I have a joke Insomnia is awful. But on the plus side, only three more sleeps till Christmas. who is a animal? Rishvik Chandel told me lion is a animal Crow is a bird  I just learned something, I did not know anybody who be a bird parrot is a bird Let me ask you something. What types can parrot be", what  is  a  bird ,0.634635865688324,0.6781022883951660,parrot is a bird,0.97625357,0.16680874,5,3,3,3,3,3,3,3,3
73,Leolani2,parrot is a bird,"nsomnia is awful. But on the plus side, only three more sleeps till Christmas. who is a animal? Rishvik Chandel told me lion is a animal Crow is a bird  I just learned something, I did not know anybody who be a bird parrot is a bird Let me ask you something. What types can parrot be parrot is a bird"," i  am  glad  i  have  learned  something , i  have  never  thought  of  a  bird . ",0.5734627039637420,0.7623623134568330,I am glad to have learned something new. I had never heard about a bird before!,0.84905475,0.23594877,5,3,4,4,4,5,5,5,5
74,stranger,I am glad to have learned something new. I had never heard about a bird before!,"ho is a animal? Rishvik Chandel told me lion is a animal Crow is a bird  I just learned something, I did not know anybody who be a bird parrot is a bird Let me ask you something. What types can parrot be parrot is a bird I am glad to have learned something new. I had never heard about a bird before!", there  is  a  bird ,0.5415743887424470,0.6253533661365510,who is a bird,0.9878692,0.6392199,5,3,4,4,4,3,4,4,3
75,Leolani2,who is a bird,"? Rishvik Chandel told me lion is a animal Crow is a bird  I just learned something, I did not know anybody who be a bird parrot is a bird Let me ask you something. What types can parrot be parrot is a bird I am glad to have learned something new. I had never heard about a bird before! who is a bird", expert  told  me  lion  is  a  bird  and  also  elephant  is  a  bird ,0.5747945675483120,0.7025138231424190,you told me crow is a bird and that parrot is a bird,0.9981257,0.9968311,5,4,4,4,4,4,4,3,4
76,stranger,you told me crow is a bird and that parrot is a bird,"bird  I just learned something, I did not know anybody who be a bird parrot is a bird Let me ask you something. What types can parrot be parrot is a bird I am glad to have learned something new. I had never heard about a bird before! who is a bird you told me crow is a bird and that parrot is a bird", that  is  its  birds . ,0.03058956265449520,0.42858381271362300,who loves Indian food ,0.9979261,0.9971091,5,4,3,4,4,4,3,3,3
77,Leolani2,who loves Indian food ,"mething, I did not know anybody who be a bird parrot is a bird Let me ask you something. What types can parrot be parrot is a bird I am glad to have learned something new. I had never heard about a bird before! who is a bird you told me crow is a bird and that parrot is a bird who loves Indian food ", i  had  no  idea ,0.3591241892427210,0.7493381053209310,I have no idea.,0.9975,0.9970327,5,2,2,2,2,2,2,3,3
78,stranger,I have no idea.,ot know anybody who be a bird parrot is a bird Let me ask you something. What types can parrot be parrot is a bird I am glad to have learned something new. I had never heard about a bird before! who is a bird you told me crow is a bird and that parrot is a bird who loves Indian food  I have no idea.,i  live  in  the . ,0.48571640253067000,0.58091721534729,I live in Amsterdam ,0.99714345,0.9969257,5,3,3,3,3,3,3,2,3
79,Leolani2,I live in Amsterdam ,e a bird parrot is a bird Let me ask you something. What types can parrot be parrot is a bird I am glad to have learned something new. I had never heard about a bird before! who is a bird you told me crow is a bird and that parrot is a bird who loves Indian food  I have no idea. I live in Amsterdam , i  would  like  to  know is  it  owned  been  which  chance ,0.3305682756684040,0.551748239858584,I would like to know. Has amsterdam in by a country?,0.99313617,0.996909,1,4,4,4,3,4,2,2,2
80,stranger,I would like to know. Has amsterdam in by a country?,hat types can parrot be parrot is a bird I am glad to have learned something new. I had never heard about a bird before! who is a bird you told me crow is a bird and that parrot is a bird who loves Indian food  I have no idea. I live in Amsterdam  I would like to know. Has amsterdam in by a country?, it  is  a  city  in  the . ,0.42990842887333500,0.6655378426824300,Amsterdam is a city in Netherlands ,0.99606365,0.9968446,5,3,3,3,4,3,3,4,3
81,Leolani2,Amsterdam is a city in Netherlands ,bird I am glad to have learned something new. I had never heard about a bird before! who is a bird you told me crow is a bird and that parrot is a bird who loves Indian food  I have no idea. I live in Amsterdam  I would like to know. Has amsterdam in by a country? Amsterdam is a city in Netherlands , if  you  would  mind  me . what  country  would  they  eat ,0.3613183058120990,0.5580829273570670,If you don't mind me asking. What types can amsterdam be,0.99573743,0.33294326,1,2,3,3,3,2,2,2,2
82,stranger,If you don't mind me asking. What types can amsterdam be, heard about a bird before! who is a bird you told me crow is a bird and that parrot is a bird who loves Indian food  I have no idea. I live in Amsterdam  I would like to know. Has amsterdam in by a country? Amsterdam is a city in Netherlands  If you don't mind me asking. What types can amsterdam be,?  is  a  city  in ,0.4763455748558040,0.6481850981712340,Amsterdam is a city ,0.9926561,0.14861894,5,3,3,3,3,3,3,3,3
83,Leolani2,Amsterdam is a city ,efore! who is a bird you told me crow is a bird and that parrot is a bird who loves Indian food  I have no idea. I live in Amsterdam  I would like to know. Has amsterdam in by a country? Amsterdam is a city in Netherlands  If you don't mind me asking. What types can amsterdam be Amsterdam is a city , i  would  like  to  know  what  types  can  it  be ,0.7334902346134190,0.9188778519630430,I would like to know. What types can amsterdam be,0.99715817,0.99156237,1,3,2,2,3,2,2,2,2
84,stranger,I would like to know. What types can amsterdam be,d that parrot is a bird who loves Indian food  I have no idea. I live in Amsterdam  I would like to know. Has amsterdam in by a country? Amsterdam is a city in Netherlands  If you don't mind me asking. What types can amsterdam be Amsterdam is a city  I would like to know. What types can amsterdam be, it  is  in  by ,0.5059999264776710,0.6329325884580610,Amsterdam is in Netherlands,0.9980927,0.99689245,5,3,3,3,3,3,3,3,3
85,Leolani2,Amsterdam is in Netherlands,loves Indian food  I have no idea. I live in Amsterdam  I would like to know. Has amsterdam in by a country? Amsterdam is a city in Netherlands  If you don't mind me asking. What types can amsterdam be Amsterdam is a city  I would like to know. What types can amsterdam be Amsterdam is in Netherlands, if  you  do  mind  me  asking was  a  man  been  lived  in  the ,0.4606254980720290,0.7350123685139880,If you don't mind me asking. Has a person ever born in netherlands?,0.9981319,0.9970543,2,4,5,5,5,5,5,3,2
86,stranger,If you don't mind me asking. Has a person ever born in netherlands?, to know. Has amsterdam in by a country? Amsterdam is a city in Netherlands  If you don't mind me asking. What types can amsterdam be Amsterdam is a city  I would like to know. What types can amsterdam be Amsterdam is in Netherlands If you don't mind me asking. Has a person ever born in netherlands?, he  was  born  in  dc . ,0.4679186170299850,0.6152636346717680,I was born in Netherlands ,0.99831146,0.99717665,5,3,3,3,5,4,4,3,3
87,Leolani2,I was born in Netherlands ,by a country? Amsterdam is a city in Netherlands  If you don't mind me asking. What types can amsterdam be Amsterdam is a city  I would like to know. What types can amsterdam be Amsterdam is in Netherlands If you don't mind me asking. Has a person ever born in netherlands? I was born in Netherlands , let  me  ask  you . has  been  been  been  from  a  country ,0.40388771146535900,0.6278680165608720,Let me ask you something. Has pauline ever read by a book?,0.99753207,0.9969817,3,3,3,3,3,3,2,3,2
88,stranger,Let me ask you something. Has pauline ever read by a book?,n't mind me asking. What types can amsterdam be Amsterdam is a city  I would like to know. What types can amsterdam be Amsterdam is in Netherlands If you don't mind me asking. Has a person ever born in netherlands? I was born in Netherlands  Let me ask you something. Has pauline ever read by a book?, i  love  reading  books . ,0.5411077618598940,0.6589694499969480,I love reading books ,0.99664587,0.9970225,5,4,4,4,4,4,3,3,3
89,Leolani2,I love reading books ,at types can amsterdam be Amsterdam is a city  I would like to know. What types can amsterdam be Amsterdam is in Netherlands If you don't mind me asking. Has a person ever born in netherlands? I was born in Netherlands  Let me ask you something. Has pauline ever read by a book? I love reading books , i  just  learned  that  i  have  never  heard  of  that . ,0.4787138876589860,0.7841670188036830,"I just learned something, I had never heard about pauline before!",0.9976531,0.08748355,3,4,4,4,4,1,3,3,3
90,stranger,"I just learned something, I had never heard about pauline before!","w. What types can amsterdam be Amsterdam is in Netherlands If you don't mind me asking. Has a person ever born in netherlands? I was born in Netherlands  Let me ask you something. Has pauline ever read by a book? I love reading books  I just learned something, I had never heard about pauline before!", he  reads  reading ? ,0.09638042654842140,0.5981838703155520,who loves books ,0.9979272,0.9967625,5,3,3,3,3,3,3,3,3
91,Leolani2,who loves books ," amsterdam be Amsterdam is in Netherlands If you don't mind me asking. Has a person ever born in netherlands? I was born in Netherlands  Let me ask you something. Has pauline ever read by a book? I love reading books  I just learned something, I had never heard about pauline before! who loves books ", i  only  know ,0.523436427116394,0.6643482943375910,I don't know,0.9973145,0.99095523,5,2,2,2,2,2,3,3,3
92,stranger,I don't know," Amsterdam is in Netherlands If you don't mind me asking. Has a person ever born in netherlands? I was born in Netherlands  Let me ask you something. Has pauline ever read by a book? I love reading books  I just learned something, I had never heard about pauline before! who loves books  I don't know", i  likes  reading . ,0.2083570291288200,0.5629593953490260,who love reading books,0.9979081,0.97640616,5,3,3,3,3,3,3,3,3
93,Leolani2,who love reading books,"lands If you don't mind me asking. Has a person ever born in netherlands? I was born in Netherlands  Let me ask you something. Has pauline ever read by a book? I love reading books  I just learned something, I had never heard about pauline before! who loves books  I don't know who love reading books", you  tell  me  you  love  reading  books ,0.4859729983976910,0.6636521560805180,you told me pauline love reading books,0.99799436,0.3713142,5,4,4,4,4,4,4,3,3
94,stranger,you told me pauline love reading books,"a person ever born in netherlands? I was born in Netherlands  Let me ask you something. Has pauline ever read by a book? I love reading books  I just learned something, I had never heard about pauline before! who loves books  I don't know who love reading books you told me pauline love reading books",i  was  100  years  old,0.6520725011825560,0.7285930186510090,I am 23 years old,0.99813217,0.99681664,5,3,3,3,3,3,3,3,3
95,Leolani2,I am 23 years old,"in netherlands? I was born in Netherlands  Let me ask you something. Has pauline ever read by a book? I love reading books  I just learned something, I had never heard about pauline before! who loves books  I don't know who love reading books you told me pauline love reading books I am 23 years old", and  would  like  to  know was  he  lived  in  net ,0.3155545473098760,0.5687148429453370,I would like to know. Has pauline born in location?,0.9980483,0.9972478,2,4,4,4,4,4,3,3,2
96,stranger,I would like to know. Has pauline born in location?,"sk you something. Has pauline ever read by a book? I love reading books  I just learned something, I had never heard about pauline before! who loves books  I don't know who love reading books you told me pauline love reading books I am 23 years old I would like to know. Has pauline born in location?", he  was  born  in  dc . ,0.47476668442444300,0.6868034607420370,I was born in Amsterdam ,0.9978896,0.99704003,5,4,3,3,3,3,3,3,3
97,Leolani2,I was born in Amsterdam ,"line ever read by a book? I love reading books  I just learned something, I had never heard about pauline before! who loves books  I don't know who love reading books you told me pauline love reading books I am 23 years old I would like to know. Has pauline born in location? I was born in Amsterdam",?  did  you  know  that  he  was  born  the  literature ,0.3800707072019580,0.4889364007860420,Amazing! Did you know that pauline also bear in netherlands,0.9983126,0.9968811,3,2,2,2,2,2,2,2,2
98,stranger,Amazing! Did you know that pauline also bear in netherlands,"ed something, I had never heard about pauline before! who loves books  I don't know who love reading books you told me pauline love reading books I am 23 years old I would like to know. Has pauline born in location? I was born in Amsterdam  Amazing! Did you know that pauline also bear in netherlands", how  lucky  i  am ,0.6209269538521770,0.6683348640799520,how old I am,0.99754554,0.9969894,5,2,2,2,2,2,2,2,2
99,Leolani2,how old I am,I had never heard about pauline before! who loves books  I don't know who love reading books you told me pauline love reading books I am 23 years old I would like to know. Has pauline born in location? I was born in Amsterdam  Amazing! Did you know that pauline also bear in netherlands how old I am,i  may  be  right  but  i  do  i  am  23  i  had  no  idea,0.4217654381479540,0.6368439165609220,"I may be ignorant, bu tI don't know.I am sorry, I have no idea",0.9941692,0.996878,3,2,2,3,3,2,2,3,3
100,stranger,"I may be ignorant, bu tI don't know.I am sorry, I have no idea","'t know who love reading books you told me pauline love reading books I am 23 years old I would like to know. Has pauline born in location? I was born in Amsterdam  Amazing! Did you know that pauline also bear in netherlands how old I am I may be ignorant, bu tI don't know.I am sorry, I have no idea", who  born  in  net ,0.36874034255743000,0.5083312951028350,who lives in amsterdam,0.99779266,0.99672896,5,2,2,2,2,2,2,2,
101,Leolani2,who lives in amsterdam,"g books you told me pauline love reading books I am 23 years old I would like to know. Has pauline born in location? I was born in Amsterdam  Amazing! Did you know that pauline also bear in netherlands how old I am I may be ignorant, bu tI don't know.I am sorry, I have no idea who lives in amsterdam",".  you  told  me  that  also  live  in  dc ,  you  told  me  you  live  in  am ",0.4692217926768700,0.6196605780107130,Rishvik Chandel told me rishvik chandel live in amsterdam and you told me pauline live in amsterdam,0.9981439,0.9969912,5,4,4,4,4,4,4,4,
102,stranger,Rishvik Chandel told me rishvik chandel live in amsterdam and you told me pauline live in amsterdam,"orn in location? I was born in Amsterdam  Amazing! Did you know that pauline also bear in netherlands how old I am I may be ignorant, bu tI don't know.I am sorry, I have no idea who lives in amsterdam Rishvik Chandel told me rishvik chandel live in amsterdam and you told me pauline live in amsterdam",. ,0.0,0.3745657503604890,stop,0.99750215,0.995569,5,3,3,3,3,3,3,3,
103,Leolani2,stop,"n location? I was born in Amsterdam  Amazing! Did you know that pauline also bear in netherlands how old I am I may be ignorant, bu tI don't know.I am sorry, I have no idea who lives in amsterdam Rishvik Chandel told me rishvik chandel live in amsterdam and you told me pauline live in amsterdam stop", me !  it  seems ia ive  come  to  me ,0.1202038245068660,0.27331630554464100,So ... it   has come to this,0.9878214,0.99651515,5,2,2,2,2,2,3,3,4